message;severity;node;stamp;topics;location
"ODOM PUBLISH";"2";"/base_node";"1751108161.570273752";"/odom_raw,/rosout,/tf";"/root/transbot_ws/src/transbot_bringup/src/base.cpp:velCallback:78"
"ODOM PUBLISH";"2";"/base_node";"1751108161.517816289";"/odom_raw,/rosout,/tf";"/root/transbot_ws/src/transbot_bringup/src/base.cpp:velCallback:78"
"ODOM PUBLISH";"2";"/base_node";"1751108161.468307563";"/odom_raw,/rosout,/tf";"/root/transbot_ws/src/transbot_bringup/src/base.cpp:velCallback:78"
"ODOM PUBLISH";"2";"/base_node";"1751108161.416994362";"/odom_raw,/rosout,/tf";"/root/transbot_ws/src/transbot_bringup/src/base.cpp:velCallback:78"
"ODOM PUBLISH";"2";"/base_node";"1751108161.365922769";"/odom_raw,/rosout,/tf";"/root/transbot_ws/src/transbot_bringup/src/base.cpp:velCallback:78"
"ODOM PUBLISH";"2";"/base_node";"1751108161.314245758";"/odom_raw,/rosout,/tf";"/root/transbot_ws/src/transbot_bringup/src/base.cpp:velCallback:78"
"ODOM PUBLISH";"2";"/base_node";"1751108161.263634639";"/odom_raw,/rosout,/tf";"/root/transbot_ws/src/transbot_bringup/src/base.cpp:velCallback:78"
"ODOM PUBLISH";"2";"/base_node";"1751108161.213038114";"/odom_raw,/rosout,/tf";"/root/transbot_ws/src/transbot_bringup/src/base.cpp:velCallback:78"
"ODOM PUBLISH";"2";"/base_node";"1751108161.172969354";"/odom_raw,/rosout,/tf";"/root/transbot_ws/src/transbot_bringup/src/base.cpp:velCallback:78"
"ODOM PUBLISH";"2";"/base_node";"1751108161.110261843";"/odom_raw,/rosout,/tf";"/root/transbot_ws/src/transbot_bringup/src/base.cpp:velCallback:78"
"ODOM PUBLISH";"2";"/base_node";"1751108161.056435083";"/odom_raw,/rosout,/tf";"/root/transbot_ws/src/transbot_bringup/src/base.cpp:velCallback:78"
"ODOM PUBLISH";"2";"/base_node";"1751108161.004391688";"/odom_raw,/rosout,/tf";"/root/transbot_ws/src/transbot_bringup/src/base.cpp:velCallback:78"
"ODOM PUBLISH";"2";"/base_node";"1751108160.952276388";"/odom_raw,/rosout,/tf";"/root/transbot_ws/src/transbot_bringup/src/base.cpp:velCallback:78"
"ODOM PUBLISH";"2";"/base_node";"1751108160.901864659";"/odom_raw,/rosout,/tf";"/root/transbot_ws/src/transbot_bringup/src/base.cpp:velCallback:78"
"ODOM PUBLISH";"2";"/base_node";"1751108160.851313301";"/odom_raw,/rosout,/tf";"/root/transbot_ws/src/transbot_bringup/src/base.cpp:velCallback:78"
"ODOM PUBLISH";"2";"/base_node";"1751108160.801295881";"/odom_raw,/rosout,/tf";"/root/transbot_ws/src/transbot_bringup/src/base.cpp:velCallback:78"
"ODOM PUBLISH";"2";"/base_node";"1751108160.750342511";"/odom_raw,/rosout,/tf";"/root/transbot_ws/src/transbot_bringup/src/base.cpp:velCallback:78"
"ODOM PUBLISH";"2";"/base_node";"1751108160.702085308";"/odom_raw,/rosout,/tf";"/root/transbot_ws/src/transbot_bringup/src/base.cpp:velCallback:78"
"ODOM PUBLISH";"2";"/base_node";"1751108160.649807455";"/odom_raw,/rosout,/tf";"/root/transbot_ws/src/transbot_bringup/src/base.cpp:velCallback:78"
"ODOM PUBLISH";"2";"/base_node";"1751108160.599060526";"/odom_raw,/rosout,/tf";"/root/transbot_ws/src/transbot_bringup/src/base.cpp:velCallback:78"
"ODOM PUBLISH";"2";"/base_node";"1751108160.548550780";"/odom_raw,/rosout,/tf";"/root/transbot_ws/src/transbot_bringup/src/base.cpp:velCallback:78"
"ODOM PUBLISH";"2";"/base_node";"1751108160.497198377";"/odom_raw,/rosout,/tf";"/root/transbot_ws/src/transbot_bringup/src/base.cpp:velCallback:78"
"ODOM PUBLISH";"2";"/base_node";"1751108160.446392468";"/odom_raw,/rosout,/tf";"/root/transbot_ws/src/transbot_bringup/src/base.cpp:velCallback:78"
"ODOM PUBLISH";"2";"/base_node";"1751108160.396283568";"/odom_raw,/rosout,/tf";"/root/transbot_ws/src/transbot_bringup/src/base.cpp:velCallback:78"
"ODOM PUBLISH";"2";"/base_node";"1751108160.345061682";"/odom_raw,/rosout,/tf";"/root/transbot_ws/src/transbot_bringup/src/base.cpp:velCallback:78"
"ODOM PUBLISH";"2";"/base_node";"1751108160.294465918";"/odom_raw,/rosout,/tf";"/root/transbot_ws/src/transbot_bringup/src/base.cpp:velCallback:78"
"ODOM PUBLISH";"2";"/base_node";"1751108160.243984412";"/odom_raw,/rosout,/tf";"/root/transbot_ws/src/transbot_bringup/src/base.cpp:velCallback:78"
"ODOM PUBLISH";"2";"/base_node";"1751108160.195212086";"/odom_raw,/rosout,/tf";"/root/transbot_ws/src/transbot_bringup/src/base.cpp:velCallback:78"
"ODOM PUBLISH";"2";"/base_node";"1751108160.142737977";"/odom_raw,/rosout,/tf";"/root/transbot_ws/src/transbot_bringup/src/base.cpp:velCallback:78"
"ODOM PUBLISH";"2";"/base_node";"1751108160.091981382";"/odom_raw,/rosout,/tf";"/root/transbot_ws/src/transbot_bringup/src/base.cpp:velCallback:78"
"ODOM PUBLISH";"2";"/base_node";"1751108160.038681709";"/odom_raw,/rosout,/tf";"/root/transbot_ws/src/transbot_bringup/src/base.cpp:velCallback:78"
"ODOM PUBLISH";"2";"/base_node";"1751108159.985394093";"/odom_raw,/rosout,/tf";"/root/transbot_ws/src/transbot_bringup/src/base.cpp:velCallback:78"
"ODOM PUBLISH";"2";"/base_node";"1751108159.945516168";"/odom_raw,/rosout,/tf";"/root/transbot_ws/src/transbot_bringup/src/base.cpp:velCallback:78"
"ODOM PUBLISH";"2";"/base_node";"1751108159.881956581";"/odom_raw,/rosout,/tf";"/root/transbot_ws/src/transbot_bringup/src/base.cpp:velCallback:78"
"ODOM PUBLISH";"2";"/base_node";"1751108159.831197173";"/odom_raw,/rosout,/tf";"/root/transbot_ws/src/transbot_bringup/src/base.cpp:velCallback:78"
"Waiting for process startup...";"2";"/linefollow_controller";"1751108159.804840087";"/LineDetect/parameter_descriptions,/LineDetect/parameter_updates,/cmd_vel,/follow_cmd,/linefollow_enable,/linefollow_status,/rosout";"linefollow_controller.py:LineFollowController.start_linefollow:158"
"Current DISPLAY environment variable: :0.0";"2";"/linefollow_controller";"1751108159.791645050";"/LineDetect/parameter_descriptions,/LineDetect/parameter_updates,/cmd_vel,/follow_cmd,/linefollow_enable,/linefollow_status,/rosout";"linefollow_controller.py:LineFollowController.start_linefollow:145"
"Starting line follow with command: roslaunch transbot_linefollow follow_line.launch img_flip:=false VideoSwitch:=false";"2";"/linefollow_controller";"1751108159.788747072";"/LineDetect/parameter_descriptions,/LineDetect/parameter_updates,/cmd_vel,/follow_cmd,/linefollow_enable,/linefollow_status,/rosout";"linefollow_controller.py:LineFollowController.start_linefollow:141"
"Launch arguments: ['img_flip:=false', 'VideoSwitch:=false']";"2";"/linefollow_controller";"1751108159.785212993";"/LineDetect/parameter_descriptions,/LineDetect/parameter_updates,/cmd_vel,/follow_cmd,/linefollow_enable,/linefollow_status,/rosout";"linefollow_controller.py:LineFollowController.start_linefollow:136"
"ODOM PUBLISH";"2";"/base_node";"1751108159.780011549";"/odom_raw,/rosout,/tf";"/root/transbot_ws/src/transbot_bringup/src/base.cpp:velCallback:78"
"ODOM PUBLISH";"2";"/base_node";"1751108159.730035112";"/odom_raw,/rosout,/tf";"/root/transbot_ws/src/transbot_bringup/src/base.cpp:velCallback:78"
"ODOM PUBLISH";"2";"/base_node";"1751108159.679356463";"/odom_raw,/rosout,/tf";"/root/transbot_ws/src/transbot_bringup/src/base.cpp:velCallback:78"
"ODOM PUBLISH";"2";"/base_node";"1751108159.629242287";"/odom_raw,/rosout,/tf";"/root/transbot_ws/src/transbot_bringup/src/base.cpp:velCallback:78"
"ODOM PUBLISH";"2";"/base_node";"1751108159.578487879";"/odom_raw,/rosout,/tf";"/root/transbot_ws/src/transbot_bringup/src/base.cpp:velCallback:78"
"ODOM PUBLISH";"2";"/base_node";"1751108159.528644311";"/odom_raw,/rosout,/tf";"/root/transbot_ws/src/transbot_bringup/src/base.cpp:velCallback:78"
"ODOM PUBLISH";"2";"/base_node";"1751108159.477972587";"/odom_raw,/rosout,/tf";"/root/transbot_ws/src/transbot_bringup/src/base.cpp:velCallback:78"
"ODOM PUBLISH";"2";"/base_node";"1751108159.426660464";"/odom_raw,/rosout,/tf";"/root/transbot_ws/src/transbot_bringup/src/base.cpp:velCallback:78"
"ODOM PUBLISH";"2";"/base_node";"1751108159.376433697";"/odom_raw,/rosout,/tf";"/root/transbot_ws/src/transbot_bringup/src/base.cpp:velCallback:78"
"ODOM PUBLISH";"2";"/base_node";"1751108159.326788182";"/odom_raw,/rosout,/tf";"/root/transbot_ws/src/transbot_bringup/src/base.cpp:velCallback:78"
"ODOM PUBLISH";"2";"/base_node";"1751108159.275486781";"/odom_raw,/rosout,/tf";"/root/transbot_ws/src/transbot_bringup/src/base.cpp:velCallback:78"
"ODOM PUBLISH";"2";"/base_node";"1751108159.225094980";"/odom_raw,/rosout,/tf";"/root/transbot_ws/src/transbot_bringup/src/base.cpp:velCallback:78"
"ODOM PUBLISH";"2";"/base_node";"1751108159.174611364";"/odom_raw,/rosout,/tf";"/root/transbot_ws/src/transbot_bringup/src/base.cpp:velCallback:78"
"ODOM PUBLISH";"2";"/base_node";"1751108159.124124675";"/odom_raw,/rosout,/tf";"/root/transbot_ws/src/transbot_bringup/src/base.cpp:velCallback:78"
"ODOM PUBLISH";"2";"/base_node";"1751108159.073775725";"/odom_raw,/rosout,/tf";"/root/transbot_ws/src/transbot_bringup/src/base.cpp:velCallback:78"
"ODOM PUBLISH";"2";"/base_node";"1751108159.023238999";"/odom_raw,/rosout,/tf";"/root/transbot_ws/src/transbot_bringup/src/base.cpp:velCallback:78"
"ODOM PUBLISH";"2";"/base_node";"1751108158.973111103";"/odom_raw,/rosout,/tf";"/root/transbot_ws/src/transbot_bringup/src/base.cpp:velCallback:78"
"ODOM PUBLISH";"2";"/base_node";"1751108158.922684285";"/odom_raw,/rosout,/tf";"/root/transbot_ws/src/transbot_bringup/src/base.cpp:velCallback:78"
"ODOM PUBLISH";"2";"/base_node";"1751108158.871911269";"/odom_raw,/rosout,/tf";"/root/transbot_ws/src/transbot_bringup/src/base.cpp:velCallback:78"
"ODOM PUBLISH";"2";"/base_node";"1751108158.821248473";"/odom_raw,/rosout,/tf";"/root/transbot_ws/src/transbot_bringup/src/base.cpp:velCallback:78"
"Line following function stopped successfully";"2";"/linefollow_controller";"1751108158.782159090";"/LineDetect/parameter_descriptions,/LineDetect/parameter_updates,/cmd_vel,/follow_cmd,/linefollow_enable,/linefollow_status,/rosout";"linefollow_controller.py:LineFollowController.stop_linefollow:289"
"ODOM PUBLISH";"2";"/base_node";"1751108158.770104184";"/odom_raw,/rosout,/tf";"/root/transbot_ws/src/transbot_bringup/src/base.cpp:velCallback:78"
"ODOM PUBLISH";"2";"/base_node";"1751108158.720287506";"/odom_raw,/rosout,/tf";"/root/transbot_ws/src/transbot_bringup/src/base.cpp:velCallback:78"
"ODOM PUBLISH";"2";"/base_node";"1751108158.669105662";"/odom_raw,/rosout,/tf";"/root/transbot_ws/src/transbot_bringup/src/base.cpp:velCallback:78"
"ODOM PUBLISH";"2";"/base_node";"1751108158.618924045";"/odom_raw,/rosout,/tf";"/root/transbot_ws/src/transbot_bringup/src/base.cpp:velCallback:78"
"ODOM PUBLISH";"2";"/base_node";"1751108158.568107640";"/odom_raw,/rosout,/tf";"/root/transbot_ws/src/transbot_bringup/src/base.cpp:velCallback:78"
"ODOM PUBLISH";"2";"/base_node";"1751108158.518013504";"/odom_raw,/rosout,/tf";"/root/transbot_ws/src/transbot_bringup/src/base.cpp:velCallback:78"
"ODOM PUBLISH";"2";"/base_node";"1751108158.467410633";"/odom_raw,/rosout,/tf";"/root/transbot_ws/src/transbot_bringup/src/base.cpp:velCallback:78"
"ODOM PUBLISH";"2";"/base_node";"1751108158.417728991";"/odom_raw,/rosout,/tf";"/root/transbot_ws/src/transbot_bringup/src/base.cpp:velCallback:78"
"ODOM PUBLISH";"2";"/base_node";"1751108158.366191651";"/odom_raw,/rosout,/tf";"/root/transbot_ws/src/transbot_bringup/src/base.cpp:velCallback:78"
"ODOM PUBLISH";"2";"/base_node";"1751108158.321542830";"/odom_raw,/rosout,/tf";"/root/transbot_ws/src/transbot_bringup/src/base.cpp:velCallback:78"
"Reset succes!!!";"2";"/LineDetect";"1751108158.299840927";"/JoyState,/LineDetect/parameter_descriptions,/LineDetect/parameter_updates,/PWMServo,/TargetAngle,/cmd_vel,/rosout,/usb_cam/image_raw/compressed";"follow_line.py:LineDetect.Reset:175"
"P:[0.04, 0], I:[0.0, 0], D:[0.012, 0]";"2";"/LineDetect";"1751108158.290498018";"/JoyState,/LineDetect/parameter_descriptions,/LineDetect/parameter_updates,/PWMServo,/TargetAngle,/cmd_vel,/rosout,/usb_cam/image_raw/compressed";"follow_common.py:simplePID.__init__:342"
"Stopping line following process...";"2";"/linefollow_controller";"1751108158.278532981";"/LineDetect/parameter_descriptions,/LineDetect/parameter_updates,/cmd_vel,/follow_cmd,/linefollow_enable,/linefollow_status,/rosout";"linefollow_controller.py:LineFollowController.stop_linefollow:260"
"Line following already running, stopping first...";"4";"/linefollow_controller";"1751108158.276851892";"/LineDetect/parameter_descriptions,/LineDetect/parameter_updates,/cmd_vel,/follow_cmd,/linefollow_enable,/linefollow_status,/rosout";"linefollow_controller.py:LineFollowController.start_linefollow:114"
"Processing START command...";"2";"/linefollow_controller";"1751108158.273763895";"/LineDetect/parameter_descriptions,/LineDetect/parameter_updates,/cmd_vel,/follow_cmd,/linefollow_enable,/linefollow_status,/rosout";"linefollow_controller.py:LineFollowController.follow_cmd_callback:67"
"Full command data: {'cmd': 'start', 'max_speed': 0.3, 'img_flip': False, 'VideoSwitch': False, 'hsv_params': {'hmin': 55, 'smin': 79, 'vmin': 96, 'hmax': 125, 'smax': 253, 'vmax': 255}}";"2";"/gui_controller";"1751108158.272005081";"/arm_cmd,/arm_status,/emergency_stop,/follow_cmd,/linefollow_status,/rosout,/system_status,/web_cmd";"gui_server.py:TransBotGUI.linefollow_task:366"
"Parsed command type: start";"2";"/linefollow_controller";"1751108158.271888971";"/LineDetect/parameter_descriptions,/LineDetect/parameter_updates,/cmd_vel,/follow_cmd,/linefollow_enable,/linefollow_status,/rosout";"linefollow_controller.py:LineFollowController.follow_cmd_callback:63"
"Raw message data: {\"cmd\": \"start\", \"max_speed\": 0.3, \"img_flip\": false, \"VideoSwitch\": false, \"hsv_params\": {\"hmin\": 55, \"smin\": 79, \"vmin\": 96, \"hmax\": 125, \"smax\": 253, \"vmax\": 255}}";"2";"/linefollow_controller";"1751108158.269344091";"/LineDetect/parameter_descriptions,/LineDetect/parameter_updates,/cmd_vel,/follow_cmd,/linefollow_enable,/linefollow_status,/rosout";"linefollow_controller.py:LineFollowController.follow_cmd_callback:53"
"Line follow start command sent successfully";"2";"/gui_controller";"1751108158.268384218";"/arm_cmd,/arm_status,/emergency_stop,/follow_cmd,/linefollow_status,/rosout,/system_status,/web_cmd";"gui_server.py:TransBotGUI.linefollow_task:365"
"=== Received line follow command ===";"2";"/linefollow_controller";"1751108158.266843080";"/LineDetect/parameter_descriptions,/LineDetect/parameter_updates,/cmd_vel,/follow_cmd,/linefollow_enable,/linefollow_status,/rosout";"linefollow_controller.py:LineFollowController.follow_cmd_callback:52"
"ODOM PUBLISH";"2";"/base_node";"1751108158.265660679";"/odom_raw,/rosout,/tf";"/root/transbot_ws/src/transbot_bringup/src/base.cpp:velCallback:78"
"Command data prepared: {'cmd': 'start', 'max_speed': 0.3, 'img_flip': False, 'VideoSwitch': False, 'hsv_params': {'hmin': 55, 'smin': 79, 'vmin': 96, 'hmax': 125, 'smax': 253, 'vmax': 255}}";"2";"/gui_controller";"1751108158.260580062";"/arm_cmd,/arm_status,/emergency_stop,/follow_cmd,/linefollow_status,/rosout,/system_status,/web_cmd";"gui_server.py:TransBotGUI.linefollow_task:354"
"Loaded linefollow parameters: {'hsv_params': {'hmin': 55, 'smin': 79, 'vmin': 96, 'hmax': 125, 'smax': 253, 'vmax': 255}}";"2";"/gui_controller";"1751108158.254782199";"/arm_cmd,/arm_status,/emergency_stop,/follow_cmd,/linefollow_status,/rosout,/system_status,/web_cmd";"gui_server.py:TransBotGUI.linefollow_task:338"
"Loaded linefollow parameters from config";"2";"/gui_controller";"1751108158.251960277";"/arm_cmd,/arm_status,/emergency_stop,/follow_cmd,/linefollow_status,/rosout,/system_status,/web_cmd";"gui_server.py:TransBotGUI.load_linefollow_params:452"
"Using HSV parameters from transbot_linefollow package";"2";"/gui_controller";"1751108158.249562025";"/arm_cmd,/arm_status,/emergency_stop,/follow_cmd,/linefollow_status,/rosout,/system_status,/web_cmd";"gui_server.py:TransBotGUI.load_linefollow_params:432"
"=== Starting line follow from GUI ===";"2";"/gui_controller";"1751108158.235180854";"/arm_cmd,/arm_status,/emergency_stop,/follow_cmd,/linefollow_status,/rosout,/system_status,/web_cmd";"gui_server.py:TransBotGUI.start_linefollow:327"
"ODOM PUBLISH";"2";"/base_node";"1751108158.213991119";"/odom_raw,/rosout,/tf";"/root/transbot_ws/src/transbot_bringup/src/base.cpp:velCallback:78"
"ODOM PUBLISH";"2";"/base_node";"1751108158.162384817";"/odom_raw,/rosout,/tf";"/root/transbot_ws/src/transbot_bringup/src/base.cpp:velCallback:78"
"ODOM PUBLISH";"2";"/base_node";"1751108158.112485437";"/odom_raw,/rosout,/tf";"/root/transbot_ws/src/transbot_bringup/src/base.cpp:velCallback:78"
"ODOM PUBLISH";"2";"/base_node";"1751108158.061532534";"/odom_raw,/rosout,/tf";"/root/transbot_ws/src/transbot_bringup/src/base.cpp:velCallback:78"
"ODOM PUBLISH";"2";"/base_node";"1751108158.011532692";"/odom_raw,/rosout,/tf";"/root/transbot_ws/src/transbot_bringup/src/base.cpp:velCallback:78"
"ODOM PUBLISH";"2";"/base_node";"1751108157.960696975";"/odom_raw,/rosout,/tf";"/root/transbot_ws/src/transbot_bringup/src/base.cpp:velCallback:78"
"ODOM PUBLISH";"2";"/base_node";"1751108157.912154208";"/odom_raw,/rosout,/tf";"/root/transbot_ws/src/transbot_bringup/src/base.cpp:velCallback:78"
"ODOM PUBLISH";"2";"/base_node";"1751108157.858559344";"/odom_raw,/rosout,/tf";"/root/transbot_ws/src/transbot_bringup/src/base.cpp:velCallback:78"
"ODOM PUBLISH";"2";"/base_node";"1751108157.809543417";"/odom_raw,/rosout,/tf";"/root/transbot_ws/src/transbot_bringup/src/base.cpp:velCallback:78"
"ODOM PUBLISH";"2";"/base_node";"1751108157.757717158";"/odom_raw,/rosout,/tf";"/root/transbot_ws/src/transbot_bringup/src/base.cpp:velCallback:78"
"ODOM PUBLISH";"2";"/base_node";"1751108157.707128289";"/odom_raw,/rosout,/tf";"/root/transbot_ws/src/transbot_bringup/src/base.cpp:velCallback:78"
"ODOM PUBLISH";"2";"/base_node";"1751108157.656509773";"/odom_raw,/rosout,/tf";"/root/transbot_ws/src/transbot_bringup/src/base.cpp:velCallback:78"
"ODOM PUBLISH";"2";"/base_node";"1751108157.606353584";"/odom_raw,/rosout,/tf";"/root/transbot_ws/src/transbot_bringup/src/base.cpp:velCallback:78"
"ODOM PUBLISH";"2";"/base_node";"1751108157.555568847";"/odom_raw,/rosout,/tf";"/root/transbot_ws/src/transbot_bringup/src/base.cpp:velCallback:78"
"ODOM PUBLISH";"2";"/base_node";"1751108157.505582711";"/odom_raw,/rosout,/tf";"/root/transbot_ws/src/transbot_bringup/src/base.cpp:velCallback:78"
"ODOM PUBLISH";"2";"/base_node";"1751108157.453433864";"/odom_raw,/rosout,/tf";"/root/transbot_ws/src/transbot_bringup/src/base.cpp:velCallback:78"
"ODOM PUBLISH";"2";"/base_node";"1751108157.404103534";"/odom_raw,/rosout,/tf";"/root/transbot_ws/src/transbot_bringup/src/base.cpp:velCallback:78"
"ODOM PUBLISH";"2";"/base_node";"1751108157.352364274";"/odom_raw,/rosout,/tf";"/root/transbot_ws/src/transbot_bringup/src/base.cpp:velCallback:78"
"ODOM PUBLISH";"2";"/base_node";"1751108157.302131882";"/odom_raw,/rosout,/tf";"/root/transbot_ws/src/transbot_bringup/src/base.cpp:velCallback:78"
"ODOM PUBLISH";"2";"/base_node";"1751108157.250900448";"/odom_raw,/rosout,/tf";"/root/transbot_ws/src/transbot_bringup/src/base.cpp:velCallback:78"
"ODOM PUBLISH";"2";"/base_node";"1751108157.200840535";"/odom_raw,/rosout,/tf";"/root/transbot_ws/src/transbot_bringup/src/base.cpp:velCallback:78"
"ODOM PUBLISH";"2";"/base_node";"1751108157.150208593";"/odom_raw,/rosout,/tf";"/root/transbot_ws/src/transbot_bringup/src/base.cpp:velCallback:78"
"ODOM PUBLISH";"2";"/base_node";"1751108157.100262846";"/odom_raw,/rosout,/tf";"/root/transbot_ws/src/transbot_bringup/src/base.cpp:velCallback:78"
"ODOM PUBLISH";"2";"/base_node";"1751108157.048674491";"/odom_raw,/rosout,/tf";"/root/transbot_ws/src/transbot_bringup/src/base.cpp:velCallback:78"
"ODOM PUBLISH";"2";"/base_node";"1751108156.997418002";"/odom_raw,/rosout,/tf";"/root/transbot_ws/src/transbot_bringup/src/base.cpp:velCallback:78"
"ODOM PUBLISH";"2";"/base_node";"1751108156.947005856";"/odom_raw,/rosout,/tf";"/root/transbot_ws/src/transbot_bringup/src/base.cpp:velCallback:78"
"ODOM PUBLISH";"2";"/base_node";"1751108156.896010236";"/odom_raw,/rosout,/tf";"/root/transbot_ws/src/transbot_bringup/src/base.cpp:velCallback:78"
"ODOM PUBLISH";"2";"/base_node";"1751108156.846806758";"/odom_raw,/rosout,/tf";"/root/transbot_ws/src/transbot_bringup/src/base.cpp:velCallback:78"
"ODOM PUBLISH";"2";"/base_node";"1751108156.794759875";"/odom_raw,/rosout,/tf";"/root/transbot_ws/src/transbot_bringup/src/base.cpp:velCallback:78"
"ODOM PUBLISH";"2";"/base_node";"1751108156.744293192";"/odom_raw,/rosout,/tf";"/root/transbot_ws/src/transbot_bringup/src/base.cpp:velCallback:78"
"ODOM PUBLISH";"2";"/base_node";"1751108156.693857750";"/odom_raw,/rosout,/tf";"/root/transbot_ws/src/transbot_bringup/src/base.cpp:velCallback:78"
"ODOM PUBLISH";"2";"/base_node";"1751108156.643421863";"/odom_raw,/rosout,/tf";"/root/transbot_ws/src/transbot_bringup/src/base.cpp:velCallback:78"
"ODOM PUBLISH";"2";"/base_node";"1751108156.593173122";"/odom_raw,/rosout,/tf";"/root/transbot_ws/src/transbot_bringup/src/base.cpp:velCallback:78"
"ODOM PUBLISH";"2";"/base_node";"1751108156.542429517";"/odom_raw,/rosout,/tf";"/root/transbot_ws/src/transbot_bringup/src/base.cpp:velCallback:78"
"ODOM PUBLISH";"2";"/base_node";"1751108156.492524289";"/odom_raw,/rosout,/tf";"/root/transbot_ws/src/transbot_bringup/src/base.cpp:velCallback:78"
"ODOM PUBLISH";"2";"/base_node";"1751108156.441492374";"/odom_raw,/rosout,/tf";"/root/transbot_ws/src/transbot_bringup/src/base.cpp:velCallback:78"
"ODOM PUBLISH";"2";"/base_node";"1751108156.390804287";"/odom_raw,/rosout,/tf";"/root/transbot_ws/src/transbot_bringup/src/base.cpp:velCallback:78"
"ODOM PUBLISH";"2";"/base_node";"1751108156.340689136";"/odom_raw,/rosout,/tf";"/root/transbot_ws/src/transbot_bringup/src/base.cpp:velCallback:78"
"ODOM PUBLISH";"2";"/base_node";"1751108156.290004234";"/odom_raw,/rosout,/tf";"/root/transbot_ws/src/transbot_bringup/src/base.cpp:velCallback:78"
"ODOM PUBLISH";"2";"/base_node";"1751108156.240131266";"/odom_raw,/rosout,/tf";"/root/transbot_ws/src/transbot_bringup/src/base.cpp:velCallback:78"
"ODOM PUBLISH";"2";"/base_node";"1751108156.189378050";"/odom_raw,/rosout,/tf";"/root/transbot_ws/src/transbot_bringup/src/base.cpp:velCallback:78"
"ODOM PUBLISH";"2";"/base_node";"1751108156.139142216";"/odom_raw,/rosout,/tf";"/root/transbot_ws/src/transbot_bringup/src/base.cpp:velCallback:78"
"ODOM PUBLISH";"2";"/base_node";"1751108156.088395426";"/odom_raw,/rosout,/tf";"/root/transbot_ws/src/transbot_bringup/src/base.cpp:velCallback:78"
"ODOM PUBLISH";"2";"/base_node";"1751108156.038324090";"/odom_raw,/rosout,/tf";"/root/transbot_ws/src/transbot_bringup/src/base.cpp:velCallback:78"
"ODOM PUBLISH";"2";"/base_node";"1751108155.987351211";"/odom_raw,/rosout,/tf";"/root/transbot_ws/src/transbot_bringup/src/base.cpp:velCallback:78"
"ODOM PUBLISH";"2";"/base_node";"1751108155.936319946";"/odom_raw,/rosout,/tf";"/root/transbot_ws/src/transbot_bringup/src/base.cpp:velCallback:78"
"ODOM PUBLISH";"2";"/base_node";"1751108155.885949486";"/odom_raw,/rosout,/tf";"/root/transbot_ws/src/transbot_bringup/src/base.cpp:velCallback:78"
"ODOM PUBLISH";"2";"/base_node";"1751108155.835523546";"/odom_raw,/rosout,/tf";"/root/transbot_ws/src/transbot_bringup/src/base.cpp:velCallback:78"
"ODOM PUBLISH";"2";"/base_node";"1751108155.785156734";"/odom_raw,/rosout,/tf";"/root/transbot_ws/src/transbot_bringup/src/base.cpp:velCallback:78"
"ODOM PUBLISH";"2";"/base_node";"1751108155.734648388";"/odom_raw,/rosout,/tf";"/root/transbot_ws/src/transbot_bringup/src/base.cpp:velCallback:78"
"ODOM PUBLISH";"2";"/base_node";"1751108155.684050617";"/odom_raw,/rosout,/tf";"/root/transbot_ws/src/transbot_bringup/src/base.cpp:velCallback:78"
"ODOM PUBLISH";"2";"/base_node";"1751108155.633783156";"/odom_raw,/rosout,/tf";"/root/transbot_ws/src/transbot_bringup/src/base.cpp:velCallback:78"
"ODOM PUBLISH";"2";"/base_node";"1751108155.583689526";"/odom_raw,/rosout,/tf";"/root/transbot_ws/src/transbot_bringup/src/base.cpp:velCallback:78"
"ODOM PUBLISH";"2";"/base_node";"1751108155.532410431";"/odom_raw,/rosout,/tf";"/root/transbot_ws/src/transbot_bringup/src/base.cpp:velCallback:78"
"ODOM PUBLISH";"2";"/base_node";"1751108155.481924769";"/odom_raw,/rosout,/tf";"/root/transbot_ws/src/transbot_bringup/src/base.cpp:velCallback:78"
"ODOM PUBLISH";"2";"/base_node";"1751108155.431569717";"/odom_raw,/rosout,/tf";"/root/transbot_ws/src/transbot_bringup/src/base.cpp:velCallback:78"
"ODOM PUBLISH";"2";"/base_node";"1751108155.381176887";"/odom_raw,/rosout,/tf";"/root/transbot_ws/src/transbot_bringup/src/base.cpp:velCallback:78"
"ODOM PUBLISH";"2";"/base_node";"1751108155.330689189";"/odom_raw,/rosout,/tf";"/root/transbot_ws/src/transbot_bringup/src/base.cpp:velCallback:78"
"ODOM PUBLISH";"2";"/base_node";"1751108155.280434654";"/odom_raw,/rosout,/tf";"/root/transbot_ws/src/transbot_bringup/src/base.cpp:velCallback:78"
"ODOM PUBLISH";"2";"/base_node";"1751108155.229999028";"/odom_raw,/rosout,/tf";"/root/transbot_ws/src/transbot_bringup/src/base.cpp:velCallback:78"
"ODOM PUBLISH";"2";"/base_node";"1751108155.178864950";"/odom_raw,/rosout,/tf";"/root/transbot_ws/src/transbot_bringup/src/base.cpp:velCallback:78"
"ODOM PUBLISH";"2";"/base_node";"1751108155.128746487";"/odom_raw,/rosout,/tf";"/root/transbot_ws/src/transbot_bringup/src/base.cpp:velCallback:78"
"ODOM PUBLISH";"2";"/base_node";"1751108155.078334658";"/odom_raw,/rosout,/tf";"/root/transbot_ws/src/transbot_bringup/src/base.cpp:velCallback:78"
"ODOM PUBLISH";"2";"/base_node";"1751108155.027984346";"/odom_raw,/rosout,/tf";"/root/transbot_ws/src/transbot_bringup/src/base.cpp:velCallback:78"
"ODOM PUBLISH";"2";"/base_node";"1751108154.977736164";"/odom_raw,/rosout,/tf";"/root/transbot_ws/src/transbot_bringup/src/base.cpp:velCallback:78"
"ODOM PUBLISH";"2";"/base_node";"1751108154.927432131";"/odom_raw,/rosout,/tf";"/root/transbot_ws/src/transbot_bringup/src/base.cpp:velCallback:78"
"ODOM PUBLISH";"2";"/base_node";"1751108154.876916121";"/odom_raw,/rosout,/tf";"/root/transbot_ws/src/transbot_bringup/src/base.cpp:velCallback:78"
"ODOM PUBLISH";"2";"/base_node";"1751108154.826689828";"/odom_raw,/rosout,/tf";"/root/transbot_ws/src/transbot_bringup/src/base.cpp:velCallback:78"
"ODOM PUBLISH";"2";"/base_node";"1751108154.776310705";"/odom_raw,/rosout,/tf";"/root/transbot_ws/src/transbot_bringup/src/base.cpp:velCallback:78"
"ODOM PUBLISH";"2";"/base_node";"1751108154.726289150";"/odom_raw,/rosout,/tf";"/root/transbot_ws/src/transbot_bringup/src/base.cpp:velCallback:78"
"ODOM PUBLISH";"2";"/base_node";"1751108154.675453144";"/odom_raw,/rosout,/tf";"/root/transbot_ws/src/transbot_bringup/src/base.cpp:velCallback:78"
"ODOM PUBLISH";"2";"/base_node";"1751108154.625401478";"/odom_raw,/rosout,/tf";"/root/transbot_ws/src/transbot_bringup/src/base.cpp:velCallback:78"
"ODOM PUBLISH";"2";"/base_node";"1751108154.574635138";"/odom_raw,/rosout,/tf";"/root/transbot_ws/src/transbot_bringup/src/base.cpp:velCallback:78"
"ODOM PUBLISH";"2";"/base_node";"1751108154.524669101";"/odom_raw,/rosout,/tf";"/root/transbot_ws/src/transbot_bringup/src/base.cpp:velCallback:78"
"ODOM PUBLISH";"2";"/base_node";"1751108154.473445396";"/odom_raw,/rosout,/tf";"/root/transbot_ws/src/transbot_bringup/src/base.cpp:velCallback:78"
"ODOM PUBLISH";"2";"/base_node";"1751108154.423080217";"/odom_raw,/rosout,/tf";"/root/transbot_ws/src/transbot_bringup/src/base.cpp:velCallback:78"
"ODOM PUBLISH";"2";"/base_node";"1751108154.372493152";"/odom_raw,/rosout,/tf";"/root/transbot_ws/src/transbot_bringup/src/base.cpp:velCallback:78"
"ODOM PUBLISH";"2";"/base_node";"1751108154.322307358";"/odom_raw,/rosout,/tf";"/root/transbot_ws/src/transbot_bringup/src/base.cpp:velCallback:78"
"ODOM PUBLISH";"2";"/base_node";"1751108154.271864291";"/odom_raw,/rosout,/tf";"/root/transbot_ws/src/transbot_bringup/src/base.cpp:velCallback:78"
"ODOM PUBLISH";"2";"/base_node";"1751108154.221848959";"/odom_raw,/rosout,/tf";"/root/transbot_ws/src/transbot_bringup/src/base.cpp:velCallback:78"
"ODOM PUBLISH";"2";"/base_node";"1751108154.171059563";"/odom_raw,/rosout,/tf";"/root/transbot_ws/src/transbot_bringup/src/base.cpp:velCallback:78"
"ODOM PUBLISH";"2";"/base_node";"1751108154.120961991";"/odom_raw,/rosout,/tf";"/root/transbot_ws/src/transbot_bringup/src/base.cpp:velCallback:78"
"ODOM PUBLISH";"2";"/base_node";"1751108154.070213465";"/odom_raw,/rosout,/tf";"/root/transbot_ws/src/transbot_bringup/src/base.cpp:velCallback:78"
"ODOM PUBLISH";"2";"/base_node";"1751108154.020210503";"/odom_raw,/rosout,/tf";"/root/transbot_ws/src/transbot_bringup/src/base.cpp:velCallback:78"
"ODOM PUBLISH";"2";"/base_node";"1751108153.969374553";"/odom_raw,/rosout,/tf";"/root/transbot_ws/src/transbot_bringup/src/base.cpp:velCallback:78"
"ODOM PUBLISH";"2";"/base_node";"1751108153.919354575";"/odom_raw,/rosout,/tf";"/root/transbot_ws/src/transbot_bringup/src/base.cpp:velCallback:78"
"ODOM PUBLISH";"2";"/base_node";"1751108153.868733883";"/odom_raw,/rosout,/tf";"/root/transbot_ws/src/transbot_bringup/src/base.cpp:velCallback:78"
"ODOM PUBLISH";"2";"/base_node";"1751108153.818573351";"/odom_raw,/rosout,/tf";"/root/transbot_ws/src/transbot_bringup/src/base.cpp:velCallback:78"
"ODOM PUBLISH";"2";"/base_node";"1751108153.767639293";"/odom_raw,/rosout,/tf";"/root/transbot_ws/src/transbot_bringup/src/base.cpp:velCallback:78"
"ODOM PUBLISH";"2";"/base_node";"1751108153.717581593";"/odom_raw,/rosout,/tf";"/root/transbot_ws/src/transbot_bringup/src/base.cpp:velCallback:78"
"ODOM PUBLISH";"2";"/base_node";"1751108153.666524296";"/odom_raw,/rosout,/tf";"/root/transbot_ws/src/transbot_bringup/src/base.cpp:velCallback:78"
"ODOM PUBLISH";"2";"/base_node";"1751108153.616714148";"/odom_raw,/rosout,/tf";"/root/transbot_ws/src/transbot_bringup/src/base.cpp:velCallback:78"
"ODOM PUBLISH";"2";"/base_node";"1751108153.565966958";"/odom_raw,/rosout,/tf";"/root/transbot_ws/src/transbot_bringup/src/base.cpp:velCallback:78"
"ODOM PUBLISH";"2";"/base_node";"1751108153.516951947";"/odom_raw,/rosout,/tf";"/root/transbot_ws/src/transbot_bringup/src/base.cpp:velCallback:78"
"ODOM PUBLISH";"2";"/base_node";"1751108153.464127915";"/odom_raw,/rosout,/tf";"/root/transbot_ws/src/transbot_bringup/src/base.cpp:velCallback:78"
"ODOM PUBLISH";"2";"/base_node";"1751108153.413934272";"/odom_raw,/rosout,/tf";"/root/transbot_ws/src/transbot_bringup/src/base.cpp:velCallback:78"
"ODOM PUBLISH";"2";"/base_node";"1751108153.362101153";"/odom_raw,/rosout,/tf";"/root/transbot_ws/src/transbot_bringup/src/base.cpp:velCallback:78"
"ODOM PUBLISH";"2";"/base_node";"1751108153.311657625";"/odom_raw,/rosout,/tf";"/root/transbot_ws/src/transbot_bringup/src/base.cpp:velCallback:78"
"ODOM PUBLISH";"2";"/base_node";"1751108153.261102728";"/odom_raw,/rosout,/tf";"/root/transbot_ws/src/transbot_bringup/src/base.cpp:velCallback:78"
"ODOM PUBLISH";"2";"/base_node";"1751108153.210806865";"/odom_raw,/rosout,/tf";"/root/transbot_ws/src/transbot_bringup/src/base.cpp:velCallback:78"
"ODOM PUBLISH";"2";"/base_node";"1751108153.160134562";"/odom_raw,/rosout,/tf";"/root/transbot_ws/src/transbot_bringup/src/base.cpp:velCallback:78"
"ODOM PUBLISH";"2";"/base_node";"1751108153.110046788";"/odom_raw,/rosout,/tf";"/root/transbot_ws/src/transbot_bringup/src/base.cpp:velCallback:78"
"ODOM PUBLISH";"2";"/base_node";"1751108153.059275432";"/odom_raw,/rosout,/tf";"/root/transbot_ws/src/transbot_bringup/src/base.cpp:velCallback:78"
"ODOM PUBLISH";"2";"/base_node";"1751108153.009050956";"/odom_raw,/rosout,/tf";"/root/transbot_ws/src/transbot_bringup/src/base.cpp:velCallback:78"
"ODOM PUBLISH";"2";"/base_node";"1751108152.958318434";"/odom_raw,/rosout,/tf";"/root/transbot_ws/src/transbot_bringup/src/base.cpp:velCallback:78"
"ODOM PUBLISH";"2";"/base_node";"1751108152.908054110";"/odom_raw,/rosout,/tf";"/root/transbot_ws/src/transbot_bringup/src/base.cpp:velCallback:78"
"ODOM PUBLISH";"2";"/base_node";"1751108152.857708509";"/odom_raw,/rosout,/tf";"/root/transbot_ws/src/transbot_bringup/src/base.cpp:velCallback:78"
"ODOM PUBLISH";"2";"/base_node";"1751108152.807126504";"/odom_raw,/rosout,/tf";"/root/transbot_ws/src/transbot_bringup/src/base.cpp:velCallback:78"
"ODOM PUBLISH";"2";"/base_node";"1751108152.756799347";"/odom_raw,/rosout,/tf";"/root/transbot_ws/src/transbot_bringup/src/base.cpp:velCallback:78"
"ODOM PUBLISH";"2";"/base_node";"1751108152.706445987";"/odom_raw,/rosout,/tf";"/root/transbot_ws/src/transbot_bringup/src/base.cpp:velCallback:78"
"ODOM PUBLISH";"2";"/base_node";"1751108152.656102830";"/odom_raw,/rosout,/tf";"/root/transbot_ws/src/transbot_bringup/src/base.cpp:velCallback:78"
"ODOM PUBLISH";"2";"/base_node";"1751108152.605757822";"/odom_raw,/rosout,/tf";"/root/transbot_ws/src/transbot_bringup/src/base.cpp:velCallback:78"
"ODOM PUBLISH";"2";"/base_node";"1751108152.555164872";"/odom_raw,/rosout,/tf";"/root/transbot_ws/src/transbot_bringup/src/base.cpp:velCallback:78"
"ODOM PUBLISH";"2";"/base_node";"1751108152.504985306";"/odom_raw,/rosout,/tf";"/root/transbot_ws/src/transbot_bringup/src/base.cpp:velCallback:78"
"ODOM PUBLISH";"2";"/base_node";"1751108152.454958756";"/odom_raw,/rosout,/tf";"/root/transbot_ws/src/transbot_bringup/src/base.cpp:velCallback:78"
"ODOM PUBLISH";"2";"/base_node";"1751108152.404491361";"/odom_raw,/rosout,/tf";"/root/transbot_ws/src/transbot_bringup/src/base.cpp:velCallback:78"
"ODOM PUBLISH";"2";"/base_node";"1751108152.353876486";"/odom_raw,/rosout,/tf";"/root/transbot_ws/src/transbot_bringup/src/base.cpp:velCallback:78"
"ODOM PUBLISH";"2";"/base_node";"1751108152.303409923";"/odom_raw,/rosout,/tf";"/root/transbot_ws/src/transbot_bringup/src/base.cpp:velCallback:78"
"ODOM PUBLISH";"2";"/base_node";"1751108152.252767586";"/odom_raw,/rosout,/tf";"/root/transbot_ws/src/transbot_bringup/src/base.cpp:velCallback:78"
"ODOM PUBLISH";"2";"/base_node";"1751108152.202412355";"/odom_raw,/rosout,/tf";"/root/transbot_ws/src/transbot_bringup/src/base.cpp:velCallback:78"
"ODOM PUBLISH";"2";"/base_node";"1751108152.151259802";"/odom_raw,/rosout,/tf";"/root/transbot_ws/src/transbot_bringup/src/base.cpp:velCallback:78"
"ODOM PUBLISH";"2";"/base_node";"1751108152.101081792";"/odom_raw,/rosout,/tf";"/root/transbot_ws/src/transbot_bringup/src/base.cpp:velCallback:78"
"ODOM PUBLISH";"2";"/base_node";"1751108152.050541564";"/odom_raw,/rosout,/tf";"/root/transbot_ws/src/transbot_bringup/src/base.cpp:velCallback:78"
"ODOM PUBLISH";"2";"/base_node";"1751108152.000340942";"/odom_raw,/rosout,/tf";"/root/transbot_ws/src/transbot_bringup/src/base.cpp:velCallback:78"
"ODOM PUBLISH";"2";"/base_node";"1751108151.949788272";"/odom_raw,/rosout,/tf";"/root/transbot_ws/src/transbot_bringup/src/base.cpp:velCallback:78"
"ODOM PUBLISH";"2";"/base_node";"1751108151.899838798";"/odom_raw,/rosout,/tf";"/root/transbot_ws/src/transbot_bringup/src/base.cpp:velCallback:78"
"ODOM PUBLISH";"2";"/base_node";"1751108151.849023705";"/odom_raw,/rosout,/tf";"/root/transbot_ws/src/transbot_bringup/src/base.cpp:velCallback:78"
"ODOM PUBLISH";"2";"/base_node";"1751108151.799089601";"/odom_raw,/rosout,/tf";"/root/transbot_ws/src/transbot_bringup/src/base.cpp:velCallback:78"
"ODOM PUBLISH";"2";"/base_node";"1751108151.748513006";"/odom_raw,/rosout,/tf";"/root/transbot_ws/src/transbot_bringup/src/base.cpp:velCallback:78"
"ODOM PUBLISH";"2";"/base_node";"1751108151.698190573";"/odom_raw,/rosout,/tf";"/root/transbot_ws/src/transbot_bringup/src/base.cpp:velCallback:78"
"ODOM PUBLISH";"2";"/base_node";"1751108151.647790364";"/odom_raw,/rosout,/tf";"/root/transbot_ws/src/transbot_bringup/src/base.cpp:velCallback:78"
"ODOM PUBLISH";"2";"/base_node";"1751108151.598245884";"/odom_raw,/rosout,/tf";"/root/transbot_ws/src/transbot_bringup/src/base.cpp:velCallback:78"
"ODOM PUBLISH";"2";"/base_node";"1751108151.545939553";"/odom_raw,/rosout,/tf";"/root/transbot_ws/src/transbot_bringup/src/base.cpp:velCallback:78"
"ODOM PUBLISH";"2";"/base_node";"1751108151.495629824";"/odom_raw,/rosout,/tf";"/root/transbot_ws/src/transbot_bringup/src/base.cpp:velCallback:78"
"ODOM PUBLISH";"2";"/base_node";"1751108151.445331170";"/odom_raw,/rosout,/tf";"/root/transbot_ws/src/transbot_bringup/src/base.cpp:velCallback:78"
"ODOM PUBLISH";"2";"/base_node";"1751108151.395043681";"/odom_raw,/rosout,/tf";"/root/transbot_ws/src/transbot_bringup/src/base.cpp:velCallback:78"
"ODOM PUBLISH";"2";"/base_node";"1751108151.344680786";"/odom_raw,/rosout,/tf";"/root/transbot_ws/src/transbot_bringup/src/base.cpp:velCallback:78"
"ODOM PUBLISH";"2";"/base_node";"1751108151.294182820";"/odom_raw,/rosout,/tf";"/root/transbot_ws/src/transbot_bringup/src/base.cpp:velCallback:78"
"ODOM PUBLISH";"2";"/base_node";"1751108151.243940034";"/odom_raw,/rosout,/tf";"/root/transbot_ws/src/transbot_bringup/src/base.cpp:velCallback:78"
"ODOM PUBLISH";"2";"/base_node";"1751108151.193713008";"/odom_raw,/rosout,/tf";"/root/transbot_ws/src/transbot_bringup/src/base.cpp:velCallback:78"
"ODOM PUBLISH";"2";"/base_node";"1751108151.143126135";"/odom_raw,/rosout,/tf";"/root/transbot_ws/src/transbot_bringup/src/base.cpp:velCallback:78"
"ODOM PUBLISH";"2";"/base_node";"1751108151.092908627";"/odom_raw,/rosout,/tf";"/root/transbot_ws/src/transbot_bringup/src/base.cpp:velCallback:78"
"ODOM PUBLISH";"2";"/base_node";"1751108151.041890630";"/odom_raw,/rosout,/tf";"/root/transbot_ws/src/transbot_bringup/src/base.cpp:velCallback:78"
"ODOM PUBLISH";"2";"/base_node";"1751108150.990877541";"/odom_raw,/rosout,/tf";"/root/transbot_ws/src/transbot_bringup/src/base.cpp:velCallback:78"
"ODOM PUBLISH";"2";"/base_node";"1751108150.940661017";"/odom_raw,/rosout,/tf";"/root/transbot_ws/src/transbot_bringup/src/base.cpp:velCallback:78"
"ODOM PUBLISH";"2";"/base_node";"1751108150.889738170";"/odom_raw,/rosout,/tf";"/root/transbot_ws/src/transbot_bringup/src/base.cpp:velCallback:78"
"ODOM PUBLISH";"2";"/base_node";"1751108150.839382833";"/odom_raw,/rosout,/tf";"/root/transbot_ws/src/transbot_bringup/src/base.cpp:velCallback:78"
"ODOM PUBLISH";"2";"/base_node";"1751108150.788954738";"/odom_raw,/rosout,/tf";"/root/transbot_ws/src/transbot_bringup/src/base.cpp:velCallback:78"
"ODOM PUBLISH";"2";"/base_node";"1751108150.738169814";"/odom_raw,/rosout,/tf";"/root/transbot_ws/src/transbot_bringup/src/base.cpp:velCallback:78"
"ODOM PUBLISH";"2";"/base_node";"1751108150.688236304";"/odom_raw,/rosout,/tf";"/root/transbot_ws/src/transbot_bringup/src/base.cpp:velCallback:78"
"ODOM PUBLISH";"2";"/base_node";"1751108150.637015757";"/odom_raw,/rosout,/tf";"/root/transbot_ws/src/transbot_bringup/src/base.cpp:velCallback:78"
"ODOM PUBLISH";"2";"/base_node";"1751108150.587105340";"/odom_raw,/rosout,/tf";"/root/transbot_ws/src/transbot_bringup/src/base.cpp:velCallback:78"
"ODOM PUBLISH";"2";"/base_node";"1751108150.536207289";"/odom_raw,/rosout,/tf";"/root/transbot_ws/src/transbot_bringup/src/base.cpp:velCallback:78"
"ODOM PUBLISH";"2";"/base_node";"1751108150.485316237";"/odom_raw,/rosout,/tf";"/root/transbot_ws/src/transbot_bringup/src/base.cpp:velCallback:78"
"ODOM PUBLISH";"2";"/base_node";"1751108150.434317001";"/odom_raw,/rosout,/tf";"/root/transbot_ws/src/transbot_bringup/src/base.cpp:velCallback:78"
"ODOM PUBLISH";"2";"/base_node";"1751108150.383913498";"/odom_raw,/rosout,/tf";"/root/transbot_ws/src/transbot_bringup/src/base.cpp:velCallback:78"
"ODOM PUBLISH";"2";"/base_node";"1751108150.333080224";"/odom_raw,/rosout,/tf";"/root/transbot_ws/src/transbot_bringup/src/base.cpp:velCallback:78"
"ODOM PUBLISH";"2";"/base_node";"1751108150.283031234";"/odom_raw,/rosout,/tf";"/root/transbot_ws/src/transbot_bringup/src/base.cpp:velCallback:78"
"ODOM PUBLISH";"2";"/base_node";"1751108150.232199034";"/odom_raw,/rosout,/tf";"/root/transbot_ws/src/transbot_bringup/src/base.cpp:velCallback:78"
"ODOM PUBLISH";"2";"/base_node";"1751108150.182035472";"/odom_raw,/rosout,/tf";"/root/transbot_ws/src/transbot_bringup/src/base.cpp:velCallback:78"
"ODOM PUBLISH";"2";"/base_node";"1751108150.131447434";"/odom_raw,/rosout,/tf";"/root/transbot_ws/src/transbot_bringup/src/base.cpp:velCallback:78"
"ODOM PUBLISH";"2";"/base_node";"1751108150.081099394";"/odom_raw,/rosout,/tf";"/root/transbot_ws/src/transbot_bringup/src/base.cpp:velCallback:78"
"ODOM PUBLISH";"2";"/base_node";"1751108150.030877129";"/odom_raw,/rosout,/tf";"/root/transbot_ws/src/transbot_bringup/src/base.cpp:velCallback:78"
"ODOM PUBLISH";"2";"/base_node";"1751108149.980310574";"/odom_raw,/rosout,/tf";"/root/transbot_ws/src/transbot_bringup/src/base.cpp:velCallback:78"
"ODOM PUBLISH";"2";"/base_node";"1751108149.930162903";"/odom_raw,/rosout,/tf";"/root/transbot_ws/src/transbot_bringup/src/base.cpp:velCallback:78"
"ODOM PUBLISH";"2";"/base_node";"1751108149.879770069";"/odom_raw,/rosout,/tf";"/root/transbot_ws/src/transbot_bringup/src/base.cpp:velCallback:78"
"ODOM PUBLISH";"2";"/base_node";"1751108149.829330143";"/odom_raw,/rosout,/tf";"/root/transbot_ws/src/transbot_bringup/src/base.cpp:velCallback:78"
"ODOM PUBLISH";"2";"/base_node";"1751108149.778939216";"/odom_raw,/rosout,/tf";"/root/transbot_ws/src/transbot_bringup/src/base.cpp:velCallback:78"
"ODOM PUBLISH";"2";"/base_node";"1751108149.728180795";"/odom_raw,/rosout,/tf";"/root/transbot_ws/src/transbot_bringup/src/base.cpp:velCallback:78"
"ODOM PUBLISH";"2";"/base_node";"1751108149.678068531";"/odom_raw,/rosout,/tf";"/root/transbot_ws/src/transbot_bringup/src/base.cpp:velCallback:78"
"ODOM PUBLISH";"2";"/base_node";"1751108149.627036502";"/odom_raw,/rosout,/tf";"/root/transbot_ws/src/transbot_bringup/src/base.cpp:velCallback:78"
"ODOM PUBLISH";"2";"/base_node";"1751108149.576691112";"/odom_raw,/rosout,/tf";"/root/transbot_ws/src/transbot_bringup/src/base.cpp:velCallback:78"
"ODOM PUBLISH";"2";"/base_node";"1751108149.526139650";"/odom_raw,/rosout,/tf";"/root/transbot_ws/src/transbot_bringup/src/base.cpp:velCallback:78"
"ODOM PUBLISH";"2";"/base_node";"1751108149.475441209";"/odom_raw,/rosout,/tf";"/root/transbot_ws/src/transbot_bringup/src/base.cpp:velCallback:78"
"ODOM PUBLISH";"2";"/base_node";"1751108149.425139837";"/odom_raw,/rosout,/tf";"/root/transbot_ws/src/transbot_bringup/src/base.cpp:velCallback:78"
"ODOM PUBLISH";"2";"/base_node";"1751108149.374306805";"/odom_raw,/rosout,/tf";"/root/transbot_ws/src/transbot_bringup/src/base.cpp:velCallback:78"
"ODOM PUBLISH";"2";"/base_node";"1751108149.323870509";"/odom_raw,/rosout,/tf";"/root/transbot_ws/src/transbot_bringup/src/base.cpp:velCallback:78"
"ODOM PUBLISH";"2";"/base_node";"1751108149.273308918";"/odom_raw,/rosout,/tf";"/root/transbot_ws/src/transbot_bringup/src/base.cpp:velCallback:78"
"ODOM PUBLISH";"2";"/base_node";"1751108149.223089137";"/odom_raw,/rosout,/tf";"/root/transbot_ws/src/transbot_bringup/src/base.cpp:velCallback:78"
"ODOM PUBLISH";"2";"/base_node";"1751108149.172367215";"/odom_raw,/rosout,/tf";"/root/transbot_ws/src/transbot_bringup/src/base.cpp:velCallback:78"
"ODOM PUBLISH";"2";"/base_node";"1751108149.121899178";"/odom_raw,/rosout,/tf";"/root/transbot_ws/src/transbot_bringup/src/base.cpp:velCallback:78"
"ODOM PUBLISH";"2";"/base_node";"1751108149.071551417";"/odom_raw,/rosout,/tf";"/root/transbot_ws/src/transbot_bringup/src/base.cpp:velCallback:78"
"ODOM PUBLISH";"2";"/base_node";"1751108149.021117325";"/odom_raw,/rosout,/tf";"/root/transbot_ws/src/transbot_bringup/src/base.cpp:velCallback:78"
"ODOM PUBLISH";"2";"/base_node";"1751108148.968733964";"/odom_raw,/rosout,/tf";"/root/transbot_ws/src/transbot_bringup/src/base.cpp:velCallback:78"
"ODOM PUBLISH";"2";"/base_node";"1751108148.918355114";"/odom_raw,/rosout,/tf";"/root/transbot_ws/src/transbot_bringup/src/base.cpp:velCallback:78"
"ODOM PUBLISH";"2";"/base_node";"1751108148.867371364";"/odom_raw,/rosout,/tf";"/root/transbot_ws/src/transbot_bringup/src/base.cpp:velCallback:78"
"ODOM PUBLISH";"2";"/base_node";"1751108148.817435471";"/odom_raw,/rosout,/tf";"/root/transbot_ws/src/transbot_bringup/src/base.cpp:velCallback:78"
"ODOM PUBLISH";"2";"/base_node";"1751108148.766582553";"/odom_raw,/rosout,/tf";"/root/transbot_ws/src/transbot_bringup/src/base.cpp:velCallback:78"
"ODOM PUBLISH";"2";"/base_node";"1751108148.716905748";"/odom_raw,/rosout,/tf";"/root/transbot_ws/src/transbot_bringup/src/base.cpp:velCallback:78"
"ODOM PUBLISH";"2";"/base_node";"1751108148.665538097";"/odom_raw,/rosout,/tf";"/root/transbot_ws/src/transbot_bringup/src/base.cpp:velCallback:78"
"ODOM PUBLISH";"2";"/base_node";"1751108148.615465279";"/odom_raw,/rosout,/tf";"/root/transbot_ws/src/transbot_bringup/src/base.cpp:velCallback:78"
"ODOM PUBLISH";"2";"/base_node";"1751108148.565127225";"/odom_raw,/rosout,/tf";"/root/transbot_ws/src/transbot_bringup/src/base.cpp:velCallback:78"
"ODOM PUBLISH";"2";"/base_node";"1751108148.516762753";"/odom_raw,/rosout,/tf";"/root/transbot_ws/src/transbot_bringup/src/base.cpp:velCallback:78"
"ODOM PUBLISH";"2";"/base_node";"1751108148.461726227";"/odom_raw,/rosout,/tf";"/root/transbot_ws/src/transbot_bringup/src/base.cpp:velCallback:78"
"ODOM PUBLISH";"2";"/base_node";"1751108148.414269188";"/odom_raw,/rosout,/tf";"/root/transbot_ws/src/transbot_bringup/src/base.cpp:velCallback:78"
"ODOM PUBLISH";"2";"/base_node";"1751108148.360194408";"/odom_raw,/rosout,/tf";"/root/transbot_ws/src/transbot_bringup/src/base.cpp:velCallback:78"
"ODOM PUBLISH";"2";"/base_node";"1751108148.310103090";"/odom_raw,/rosout,/tf";"/root/transbot_ws/src/transbot_bringup/src/base.cpp:velCallback:78"
"ODOM PUBLISH";"2";"/base_node";"1751108148.259558501";"/odom_raw,/rosout,/tf";"/root/transbot_ws/src/transbot_bringup/src/base.cpp:velCallback:78"
"ODOM PUBLISH";"2";"/base_node";"1751108148.209353649";"/odom_raw,/rosout,/tf";"/root/transbot_ws/src/transbot_bringup/src/base.cpp:velCallback:78"
"ODOM PUBLISH";"2";"/base_node";"1751108148.158700172";"/odom_raw,/rosout,/tf";"/root/transbot_ws/src/transbot_bringup/src/base.cpp:velCallback:78"
"ODOM PUBLISH";"2";"/base_node";"1751108148.108942276";"/odom_raw,/rosout,/tf";"/root/transbot_ws/src/transbot_bringup/src/base.cpp:velCallback:78"
"ODOM PUBLISH";"2";"/base_node";"1751108148.058038952";"/odom_raw,/rosout,/tf";"/root/transbot_ws/src/transbot_bringup/src/base.cpp:velCallback:78"
"ODOM PUBLISH";"2";"/base_node";"1751108148.007540196";"/odom_raw,/rosout,/tf";"/root/transbot_ws/src/transbot_bringup/src/base.cpp:velCallback:78"
"ODOM PUBLISH";"2";"/base_node";"1751108147.957109681";"/odom_raw,/rosout,/tf";"/root/transbot_ws/src/transbot_bringup/src/base.cpp:velCallback:78"
"ODOM PUBLISH";"2";"/base_node";"1751108147.906700111";"/odom_raw,/rosout,/tf";"/root/transbot_ws/src/transbot_bringup/src/base.cpp:velCallback:78"
"ODOM PUBLISH";"2";"/base_node";"1751108147.855751549";"/odom_raw,/rosout,/tf";"/root/transbot_ws/src/transbot_bringup/src/base.cpp:velCallback:78"
"ODOM PUBLISH";"2";"/base_node";"1751108147.805547032";"/odom_raw,/rosout,/tf";"/root/transbot_ws/src/transbot_bringup/src/base.cpp:velCallback:78"
"ODOM PUBLISH";"2";"/base_node";"1751108147.755183536";"/odom_raw,/rosout,/tf";"/root/transbot_ws/src/transbot_bringup/src/base.cpp:velCallback:78"
"ODOM PUBLISH";"2";"/base_node";"1751108147.704705411";"/odom_raw,/rosout,/tf";"/root/transbot_ws/src/transbot_bringup/src/base.cpp:velCallback:78"
"ODOM PUBLISH";"2";"/base_node";"1751108147.654266916";"/odom_raw,/rosout,/tf";"/root/transbot_ws/src/transbot_bringup/src/base.cpp:velCallback:78"
"ODOM PUBLISH";"2";"/base_node";"1751108147.604137138";"/odom_raw,/rosout,/tf";"/root/transbot_ws/src/transbot_bringup/src/base.cpp:velCallback:78"
"ODOM PUBLISH";"2";"/base_node";"1751108147.553774364";"/odom_raw,/rosout,/tf";"/root/transbot_ws/src/transbot_bringup/src/base.cpp:velCallback:78"
"ODOM PUBLISH";"2";"/base_node";"1751108147.503424905";"/odom_raw,/rosout,/tf";"/root/transbot_ws/src/transbot_bringup/src/base.cpp:velCallback:78"
"ODOM PUBLISH";"2";"/base_node";"1751108147.453026983";"/odom_raw,/rosout,/tf";"/root/transbot_ws/src/transbot_bringup/src/base.cpp:velCallback:78"
"ODOM PUBLISH";"2";"/base_node";"1751108147.402712874";"/odom_raw,/rosout,/tf";"/root/transbot_ws/src/transbot_bringup/src/base.cpp:velCallback:78"
"ODOM PUBLISH";"2";"/base_node";"1751108147.353003739";"/odom_raw,/rosout,/tf";"/root/transbot_ws/src/transbot_bringup/src/base.cpp:velCallback:78"
"ODOM PUBLISH";"2";"/base_node";"1751108147.301904586";"/odom_raw,/rosout,/tf";"/root/transbot_ws/src/transbot_bringup/src/base.cpp:velCallback:78"
"ODOM PUBLISH";"2";"/base_node";"1751108147.251793235";"/odom_raw,/rosout,/tf";"/root/transbot_ws/src/transbot_bringup/src/base.cpp:velCallback:78"
"ODOM PUBLISH";"2";"/base_node";"1751108147.201535848";"/odom_raw,/rosout,/tf";"/root/transbot_ws/src/transbot_bringup/src/base.cpp:velCallback:78"
"ODOM PUBLISH";"2";"/base_node";"1751108147.149952035";"/odom_raw,/rosout,/tf";"/root/transbot_ws/src/transbot_bringup/src/base.cpp:velCallback:78"
"ODOM PUBLISH";"2";"/base_node";"1751108147.099325654";"/odom_raw,/rosout,/tf";"/root/transbot_ws/src/transbot_bringup/src/base.cpp:velCallback:78"
"ODOM PUBLISH";"2";"/base_node";"1751108147.049850589";"/odom_raw,/rosout,/tf";"/root/transbot_ws/src/transbot_bringup/src/base.cpp:velCallback:78"
"ODOM PUBLISH";"2";"/base_node";"1751108146.998471126";"/odom_raw,/rosout,/tf";"/root/transbot_ws/src/transbot_bringup/src/base.cpp:velCallback:78"
"ODOM PUBLISH";"2";"/base_node";"1751108146.947886839";"/odom_raw,/rosout,/tf";"/root/transbot_ws/src/transbot_bringup/src/base.cpp:velCallback:78"
"ODOM PUBLISH";"2";"/base_node";"1751108146.897012555";"/odom_raw,/rosout,/tf";"/root/transbot_ws/src/transbot_bringup/src/base.cpp:velCallback:78"
"ODOM PUBLISH";"2";"/base_node";"1751108146.846285881";"/odom_raw,/rosout,/tf";"/root/transbot_ws/src/transbot_bringup/src/base.cpp:velCallback:78"
"ODOM PUBLISH";"2";"/base_node";"1751108146.795760223";"/odom_raw,/rosout,/tf";"/root/transbot_ws/src/transbot_bringup/src/base.cpp:velCallback:78"
"ODOM PUBLISH";"2";"/base_node";"1751108146.745344211";"/odom_raw,/rosout,/tf";"/root/transbot_ws/src/transbot_bringup/src/base.cpp:velCallback:78"
"ODOM PUBLISH";"2";"/base_node";"1751108146.694901681";"/odom_raw,/rosout,/tf";"/root/transbot_ws/src/transbot_bringup/src/base.cpp:velCallback:78"
"ODOM PUBLISH";"2";"/base_node";"1751108146.644899997";"/odom_raw,/rosout,/tf";"/root/transbot_ws/src/transbot_bringup/src/base.cpp:velCallback:78"
"ODOM PUBLISH";"2";"/base_node";"1751108146.594203693";"/odom_raw,/rosout,/tf";"/root/transbot_ws/src/transbot_bringup/src/base.cpp:velCallback:78"
"ODOM PUBLISH";"2";"/base_node";"1751108146.543906994";"/odom_raw,/rosout,/tf";"/root/transbot_ws/src/transbot_bringup/src/base.cpp:velCallback:78"
"ODOM PUBLISH";"2";"/base_node";"1751108146.493490167";"/odom_raw,/rosout,/tf";"/root/transbot_ws/src/transbot_bringup/src/base.cpp:velCallback:78"
"ODOM PUBLISH";"2";"/base_node";"1751108146.443161617";"/odom_raw,/rosout,/tf";"/root/transbot_ws/src/transbot_bringup/src/base.cpp:velCallback:78"
"ODOM PUBLISH";"2";"/base_node";"1751108146.393566038";"/odom_raw,/rosout,/tf";"/root/transbot_ws/src/transbot_bringup/src/base.cpp:velCallback:78"
"ODOM PUBLISH";"2";"/base_node";"1751108146.341904840";"/odom_raw,/rosout,/tf";"/root/transbot_ws/src/transbot_bringup/src/base.cpp:velCallback:78"
"ODOM PUBLISH";"2";"/base_node";"1751108146.291599827";"/odom_raw,/rosout,/tf";"/root/transbot_ws/src/transbot_bringup/src/base.cpp:velCallback:78"
"ODOM PUBLISH";"2";"/base_node";"1751108146.241288443";"/odom_raw,/rosout,/tf";"/root/transbot_ws/src/transbot_bringup/src/base.cpp:velCallback:78"
"ODOM PUBLISH";"2";"/base_node";"1751108146.190889894";"/odom_raw,/rosout,/tf";"/root/transbot_ws/src/transbot_bringup/src/base.cpp:velCallback:78"
"ODOM PUBLISH";"2";"/base_node";"1751108146.140449512";"/odom_raw,/rosout,/tf";"/root/transbot_ws/src/transbot_bringup/src/base.cpp:velCallback:78"
"ODOM PUBLISH";"2";"/base_node";"1751108146.090010871";"/odom_raw,/rosout,/tf";"/root/transbot_ws/src/transbot_bringup/src/base.cpp:velCallback:78"
"ODOM PUBLISH";"2";"/base_node";"1751108146.039676784";"/odom_raw,/rosout,/tf";"/root/transbot_ws/src/transbot_bringup/src/base.cpp:velCallback:78"
"ODOM PUBLISH";"2";"/base_node";"1751108145.989718544";"/odom_raw,/rosout,/tf";"/root/transbot_ws/src/transbot_bringup/src/base.cpp:velCallback:78"
"ODOM PUBLISH";"2";"/base_node";"1751108145.939036520";"/odom_raw,/rosout,/tf";"/root/transbot_ws/src/transbot_bringup/src/base.cpp:velCallback:78"
"ODOM PUBLISH";"2";"/base_node";"1751108145.888975228";"/odom_raw,/rosout,/tf";"/root/transbot_ws/src/transbot_bringup/src/base.cpp:velCallback:78"
"ODOM PUBLISH";"2";"/base_node";"1751108145.836949741";"/odom_raw,/rosout,/tf";"/root/transbot_ws/src/transbot_bringup/src/base.cpp:velCallback:78"
"ODOM PUBLISH";"2";"/base_node";"1751108145.786698322";"/odom_raw,/rosout,/tf";"/root/transbot_ws/src/transbot_bringup/src/base.cpp:velCallback:78"
"ODOM PUBLISH";"2";"/base_node";"1751108145.736360701";"/odom_raw,/rosout,/tf";"/root/transbot_ws/src/transbot_bringup/src/base.cpp:velCallback:78"
"ODOM PUBLISH";"2";"/base_node";"1751108145.685985302";"/odom_raw,/rosout,/tf";"/root/transbot_ws/src/transbot_bringup/src/base.cpp:velCallback:78"
"ODOM PUBLISH";"2";"/base_node";"1751108145.635222982";"/odom_raw,/rosout,/tf";"/root/transbot_ws/src/transbot_bringup/src/base.cpp:velCallback:78"
"ODOM PUBLISH";"2";"/base_node";"1751108145.585070969";"/odom_raw,/rosout,/tf";"/root/transbot_ws/src/transbot_bringup/src/base.cpp:velCallback:78"
"ODOM PUBLISH";"2";"/base_node";"1751108145.534640608";"/odom_raw,/rosout,/tf";"/root/transbot_ws/src/transbot_bringup/src/base.cpp:velCallback:78"
"ODOM PUBLISH";"2";"/base_node";"1751108145.484463632";"/odom_raw,/rosout,/tf";"/root/transbot_ws/src/transbot_bringup/src/base.cpp:velCallback:78"
"ODOM PUBLISH";"2";"/base_node";"1751108145.433921199";"/odom_raw,/rosout,/tf";"/root/transbot_ws/src/transbot_bringup/src/base.cpp:velCallback:78"
"ODOM PUBLISH";"2";"/base_node";"1751108145.384205605";"/odom_raw,/rosout,/tf";"/root/transbot_ws/src/transbot_bringup/src/base.cpp:velCallback:78"
"ODOM PUBLISH";"2";"/base_node";"1751108145.332646779";"/odom_raw,/rosout,/tf";"/root/transbot_ws/src/transbot_bringup/src/base.cpp:velCallback:78"
"ODOM PUBLISH";"2";"/base_node";"1751108145.282423822";"/odom_raw,/rosout,/tf";"/root/transbot_ws/src/transbot_bringup/src/base.cpp:velCallback:78"
"ODOM PUBLISH";"2";"/base_node";"1751108145.232208884";"/odom_raw,/rosout,/tf";"/root/transbot_ws/src/transbot_bringup/src/base.cpp:velCallback:78"
"ODOM PUBLISH";"2";"/base_node";"1751108145.181787449";"/odom_raw,/rosout,/tf";"/root/transbot_ws/src/transbot_bringup/src/base.cpp:velCallback:78"
"ODOM PUBLISH";"2";"/base_node";"1751108145.131408513";"/odom_raw,/rosout,/tf";"/root/transbot_ws/src/transbot_bringup/src/base.cpp:velCallback:78"
"ODOM PUBLISH";"2";"/base_node";"1751108145.081312962";"/odom_raw,/rosout,/tf";"/root/transbot_ws/src/transbot_bringup/src/base.cpp:velCallback:78"
"ODOM PUBLISH";"2";"/base_node";"1751108145.030578772";"/odom_raw,/rosout,/tf";"/root/transbot_ws/src/transbot_bringup/src/base.cpp:velCallback:78"
"ODOM PUBLISH";"2";"/base_node";"1751108144.980337020";"/odom_raw,/rosout,/tf";"/root/transbot_ws/src/transbot_bringup/src/base.cpp:velCallback:78"
"ODOM PUBLISH";"2";"/base_node";"1751108144.929890514";"/odom_raw,/rosout,/tf";"/root/transbot_ws/src/transbot_bringup/src/base.cpp:velCallback:78"
"ODOM PUBLISH";"2";"/base_node";"1751108144.880030036";"/odom_raw,/rosout,/tf";"/root/transbot_ws/src/transbot_bringup/src/base.cpp:velCallback:78"
"ODOM PUBLISH";"2";"/base_node";"1751108144.828691153";"/odom_raw,/rosout,/tf";"/root/transbot_ws/src/transbot_bringup/src/base.cpp:velCallback:78"
"ODOM PUBLISH";"2";"/base_node";"1751108144.778591753";"/odom_raw,/rosout,/tf";"/root/transbot_ws/src/transbot_bringup/src/base.cpp:velCallback:78"
"ODOM PUBLISH";"2";"/base_node";"1751108144.728932142";"/odom_raw,/rosout,/tf";"/root/transbot_ws/src/transbot_bringup/src/base.cpp:velCallback:78"
"ODOM PUBLISH";"2";"/base_node";"1751108144.677339856";"/odom_raw,/rosout,/tf";"/root/transbot_ws/src/transbot_bringup/src/base.cpp:velCallback:78"
"ODOM PUBLISH";"2";"/base_node";"1751108144.626829313";"/odom_raw,/rosout,/tf";"/root/transbot_ws/src/transbot_bringup/src/base.cpp:velCallback:78"
"ODOM PUBLISH";"2";"/base_node";"1751108144.577070371";"/odom_raw,/rosout,/tf";"/root/transbot_ws/src/transbot_bringup/src/base.cpp:velCallback:78"
"ODOM PUBLISH";"2";"/base_node";"1751108144.525115552";"/odom_raw,/rosout,/tf";"/root/transbot_ws/src/transbot_bringup/src/base.cpp:velCallback:78"
"ODOM PUBLISH";"2";"/base_node";"1751108144.474945912";"/odom_raw,/rosout,/tf";"/root/transbot_ws/src/transbot_bringup/src/base.cpp:velCallback:78"
"ODOM PUBLISH";"2";"/base_node";"1751108144.423397106";"/odom_raw,/rosout,/tf";"/root/transbot_ws/src/transbot_bringup/src/base.cpp:velCallback:78"
"ODOM PUBLISH";"2";"/base_node";"1751108144.374396875";"/odom_raw,/rosout,/tf";"/root/transbot_ws/src/transbot_bringup/src/base.cpp:velCallback:78"
"ODOM PUBLISH";"2";"/base_node";"1751108144.321471367";"/odom_raw,/rosout,/tf";"/root/transbot_ws/src/transbot_bringup/src/base.cpp:velCallback:78"
"ODOM PUBLISH";"2";"/base_node";"1751108144.270726550";"/odom_raw,/rosout,/tf";"/root/transbot_ws/src/transbot_bringup/src/base.cpp:velCallback:78"
"ODOM PUBLISH";"2";"/base_node";"1751108144.219799957";"/odom_raw,/rosout,/tf";"/root/transbot_ws/src/transbot_bringup/src/base.cpp:velCallback:78"
"ODOM PUBLISH";"2";"/base_node";"1751108144.168791125";"/odom_raw,/rosout,/tf";"/root/transbot_ws/src/transbot_bringup/src/base.cpp:velCallback:78"
"ODOM PUBLISH";"2";"/base_node";"1751108144.118368193";"/odom_raw,/rosout,/tf";"/root/transbot_ws/src/transbot_bringup/src/base.cpp:velCallback:78"
"ODOM PUBLISH";"2";"/base_node";"1751108144.067563450";"/odom_raw,/rosout,/tf";"/root/transbot_ws/src/transbot_bringup/src/base.cpp:velCallback:78"
"ODOM PUBLISH";"2";"/base_node";"1751108144.017643140";"/odom_raw,/rosout,/tf";"/root/transbot_ws/src/transbot_bringup/src/base.cpp:velCallback:78"
"ODOM PUBLISH";"2";"/base_node";"1751108143.966499330";"/odom_raw,/rosout,/tf";"/root/transbot_ws/src/transbot_bringup/src/base.cpp:velCallback:78"
"ODOM PUBLISH";"2";"/base_node";"1751108143.916198602";"/odom_raw,/rosout,/tf";"/root/transbot_ws/src/transbot_bringup/src/base.cpp:velCallback:78"
"ODOM PUBLISH";"2";"/base_node";"1751108143.865507879";"/odom_raw,/rosout,/tf";"/root/transbot_ws/src/transbot_bringup/src/base.cpp:velCallback:78"
"ODOM PUBLISH";"2";"/base_node";"1751108143.814900377";"/odom_raw,/rosout,/tf";"/root/transbot_ws/src/transbot_bringup/src/base.cpp:velCallback:78"
"ODOM PUBLISH";"2";"/base_node";"1751108143.764267542";"/odom_raw,/rosout,/tf";"/root/transbot_ws/src/transbot_bringup/src/base.cpp:velCallback:78"
"ODOM PUBLISH";"2";"/base_node";"1751108143.713846075";"/odom_raw,/rosout,/tf";"/root/transbot_ws/src/transbot_bringup/src/base.cpp:velCallback:78"
"ODOM PUBLISH";"2";"/base_node";"1751108143.664129541";"/odom_raw,/rosout,/tf";"/root/transbot_ws/src/transbot_bringup/src/base.cpp:velCallback:78"
"ODOM PUBLISH";"2";"/base_node";"1751108143.612732477";"/odom_raw,/rosout,/tf";"/root/transbot_ws/src/transbot_bringup/src/base.cpp:velCallback:78"
"ODOM PUBLISH";"2";"/base_node";"1751108143.562736818";"/odom_raw,/rosout,/tf";"/root/transbot_ws/src/transbot_bringup/src/base.cpp:velCallback:78"
"ODOM PUBLISH";"2";"/base_node";"1751108143.511496770";"/odom_raw,/rosout,/tf";"/root/transbot_ws/src/transbot_bringup/src/base.cpp:velCallback:78"
"ODOM PUBLISH";"2";"/base_node";"1751108143.461117190";"/odom_raw,/rosout,/tf";"/root/transbot_ws/src/transbot_bringup/src/base.cpp:velCallback:78"
"ODOM PUBLISH";"2";"/base_node";"1751108143.410757852";"/odom_raw,/rosout,/tf";"/root/transbot_ws/src/transbot_bringup/src/base.cpp:velCallback:78"
"ODOM PUBLISH";"2";"/base_node";"1751108143.360411531";"/odom_raw,/rosout,/tf";"/root/transbot_ws/src/transbot_bringup/src/base.cpp:velCallback:78"
"ODOM PUBLISH";"2";"/base_node";"1751108143.309965805";"/odom_raw,/rosout,/tf";"/root/transbot_ws/src/transbot_bringup/src/base.cpp:velCallback:78"
"ODOM PUBLISH";"2";"/base_node";"1751108143.259346896";"/odom_raw,/rosout,/tf";"/root/transbot_ws/src/transbot_bringup/src/base.cpp:velCallback:78"
"ODOM PUBLISH";"2";"/base_node";"1751108143.208992909";"/odom_raw,/rosout,/tf";"/root/transbot_ws/src/transbot_bringup/src/base.cpp:velCallback:78"
"ODOM PUBLISH";"2";"/base_node";"1751108143.158023227";"/odom_raw,/rosout,/tf";"/root/transbot_ws/src/transbot_bringup/src/base.cpp:velCallback:78"
"ODOM PUBLISH";"2";"/base_node";"1751108143.107883255";"/odom_raw,/rosout,/tf";"/root/transbot_ws/src/transbot_bringup/src/base.cpp:velCallback:78"
"ODOM PUBLISH";"2";"/base_node";"1751108143.057368734";"/odom_raw,/rosout,/tf";"/root/transbot_ws/src/transbot_bringup/src/base.cpp:velCallback:78"
"ODOM PUBLISH";"2";"/base_node";"1751108143.006358978";"/odom_raw,/rosout,/tf";"/root/transbot_ws/src/transbot_bringup/src/base.cpp:velCallback:78"
"ODOM PUBLISH";"2";"/base_node";"1751108142.956161917";"/odom_raw,/rosout,/tf";"/root/transbot_ws/src/transbot_bringup/src/base.cpp:velCallback:78"
"ODOM PUBLISH";"2";"/base_node";"1751108142.905696564";"/odom_raw,/rosout,/tf";"/root/transbot_ws/src/transbot_bringup/src/base.cpp:velCallback:78"
"ODOM PUBLISH";"2";"/base_node";"1751108142.855123545";"/odom_raw,/rosout,/tf";"/root/transbot_ws/src/transbot_bringup/src/base.cpp:velCallback:78"
"ODOM PUBLISH";"2";"/base_node";"1751108142.804837227";"/odom_raw,/rosout,/tf";"/root/transbot_ws/src/transbot_bringup/src/base.cpp:velCallback:78"
"ODOM PUBLISH";"2";"/base_node";"1751108142.754632925";"/odom_raw,/rosout,/tf";"/root/transbot_ws/src/transbot_bringup/src/base.cpp:velCallback:78"
"ODOM PUBLISH";"2";"/base_node";"1751108142.704338254";"/odom_raw,/rosout,/tf";"/root/transbot_ws/src/transbot_bringup/src/base.cpp:velCallback:78"
"ODOM PUBLISH";"2";"/base_node";"1751108142.653781773";"/odom_raw,/rosout,/tf";"/root/transbot_ws/src/transbot_bringup/src/base.cpp:velCallback:78"
"ODOM PUBLISH";"2";"/base_node";"1751108142.603567120";"/odom_raw,/rosout,/tf";"/root/transbot_ws/src/transbot_bringup/src/base.cpp:velCallback:78"
"ODOM PUBLISH";"2";"/base_node";"1751108142.553300004";"/odom_raw,/rosout,/tf";"/root/transbot_ws/src/transbot_bringup/src/base.cpp:velCallback:78"
"ODOM PUBLISH";"2";"/base_node";"1751108142.503069814";"/odom_raw,/rosout,/tf";"/root/transbot_ws/src/transbot_bringup/src/base.cpp:velCallback:78"
"ODOM PUBLISH";"2";"/base_node";"1751108142.452734570";"/odom_raw,/rosout,/tf";"/root/transbot_ws/src/transbot_bringup/src/base.cpp:velCallback:78"
"ODOM PUBLISH";"2";"/base_node";"1751108142.402614934";"/odom_raw,/rosout,/tf";"/root/transbot_ws/src/transbot_bringup/src/base.cpp:velCallback:78"
"ODOM PUBLISH";"2";"/base_node";"1751108142.351626107";"/odom_raw,/rosout,/tf";"/root/transbot_ws/src/transbot_bringup/src/base.cpp:velCallback:78"
"ODOM PUBLISH";"2";"/base_node";"1751108142.301987723";"/odom_raw,/rosout,/tf";"/root/transbot_ws/src/transbot_bringup/src/base.cpp:velCallback:78"
"ODOM PUBLISH";"2";"/base_node";"1751108142.250133223";"/odom_raw,/rosout,/tf";"/root/transbot_ws/src/transbot_bringup/src/base.cpp:velCallback:78"
"ODOM PUBLISH";"2";"/base_node";"1751108142.200525450";"/odom_raw,/rosout,/tf";"/root/transbot_ws/src/transbot_bringup/src/base.cpp:velCallback:78"
"ODOM PUBLISH";"2";"/base_node";"1751108142.147219137";"/odom_raw,/rosout,/tf";"/root/transbot_ws/src/transbot_bringup/src/base.cpp:velCallback:78"
"ODOM PUBLISH";"2";"/base_node";"1751108142.096499287";"/odom_raw,/rosout,/tf";"/root/transbot_ws/src/transbot_bringup/src/base.cpp:velCallback:78"
"ODOM PUBLISH";"2";"/base_node";"1751108142.046505909";"/odom_raw,/rosout,/tf";"/root/transbot_ws/src/transbot_bringup/src/base.cpp:velCallback:78"
"ODOM PUBLISH";"2";"/base_node";"1751108141.996614881";"/odom_raw,/rosout,/tf";"/root/transbot_ws/src/transbot_bringup/src/base.cpp:velCallback:78"
"ODOM PUBLISH";"2";"/base_node";"1751108141.945478410";"/odom_raw,/rosout,/tf";"/root/transbot_ws/src/transbot_bringup/src/base.cpp:velCallback:78"
"ODOM PUBLISH";"2";"/base_node";"1751108141.894854284";"/odom_raw,/rosout,/tf";"/root/transbot_ws/src/transbot_bringup/src/base.cpp:velCallback:78"
"ODOM PUBLISH";"2";"/base_node";"1751108141.844379785";"/odom_raw,/rosout,/tf";"/root/transbot_ws/src/transbot_bringup/src/base.cpp:velCallback:78"
"ODOM PUBLISH";"2";"/base_node";"1751108141.794009969";"/odom_raw,/rosout,/tf";"/root/transbot_ws/src/transbot_bringup/src/base.cpp:velCallback:78"
"ODOM PUBLISH";"2";"/base_node";"1751108141.743947428";"/odom_raw,/rosout,/tf";"/root/transbot_ws/src/transbot_bringup/src/base.cpp:velCallback:78"
"ODOM PUBLISH";"2";"/base_node";"1751108141.692201336";"/odom_raw,/rosout,/tf";"/root/transbot_ws/src/transbot_bringup/src/base.cpp:velCallback:78"
"ODOM PUBLISH";"2";"/base_node";"1751108141.639520257";"/odom_raw,/rosout,/tf";"/root/transbot_ws/src/transbot_bringup/src/base.cpp:velCallback:78"
"ODOM PUBLISH";"2";"/base_node";"1751108141.589498307";"/odom_raw,/rosout,/tf";"/root/transbot_ws/src/transbot_bringup/src/base.cpp:velCallback:78"
"ODOM PUBLISH";"2";"/base_node";"1751108141.538162432";"/odom_raw,/rosout,/tf";"/root/transbot_ws/src/transbot_bringup/src/base.cpp:velCallback:78"
"ODOM PUBLISH";"2";"/base_node";"1751108141.488446904";"/odom_raw,/rosout,/tf";"/root/transbot_ws/src/transbot_bringup/src/base.cpp:velCallback:78"
"ODOM PUBLISH";"2";"/base_node";"1751108141.437168953";"/odom_raw,/rosout,/tf";"/root/transbot_ws/src/transbot_bringup/src/base.cpp:velCallback:78"
"ODOM PUBLISH";"2";"/base_node";"1751108141.386845897";"/odom_raw,/rosout,/tf";"/root/transbot_ws/src/transbot_bringup/src/base.cpp:velCallback:78"
"ODOM PUBLISH";"2";"/base_node";"1751108141.336102087";"/odom_raw,/rosout,/tf";"/root/transbot_ws/src/transbot_bringup/src/base.cpp:velCallback:78"
"ODOM PUBLISH";"2";"/base_node";"1751108141.285968139";"/odom_raw,/rosout,/tf";"/root/transbot_ws/src/transbot_bringup/src/base.cpp:velCallback:78"
"ODOM PUBLISH";"2";"/base_node";"1751108141.234808650";"/odom_raw,/rosout,/tf";"/root/transbot_ws/src/transbot_bringup/src/base.cpp:velCallback:78"
"ODOM PUBLISH";"2";"/base_node";"1751108141.185167731";"/odom_raw,/rosout,/tf";"/root/transbot_ws/src/transbot_bringup/src/base.cpp:velCallback:78"
"ODOM PUBLISH";"2";"/base_node";"1751108141.133798134";"/odom_raw,/rosout,/tf";"/root/transbot_ws/src/transbot_bringup/src/base.cpp:velCallback:78"
"ODOM PUBLISH";"2";"/base_node";"1751108141.083295765";"/odom_raw,/rosout,/tf";"/root/transbot_ws/src/transbot_bringup/src/base.cpp:velCallback:78"
"ODOM PUBLISH";"2";"/base_node";"1751108141.032155628";"/odom_raw,/rosout,/tf";"/root/transbot_ws/src/transbot_bringup/src/base.cpp:velCallback:78"
"ODOM PUBLISH";"2";"/base_node";"1751108140.981916756";"/odom_raw,/rosout,/tf";"/root/transbot_ws/src/transbot_bringup/src/base.cpp:velCallback:78"
"ODOM PUBLISH";"2";"/base_node";"1751108140.931051691";"/odom_raw,/rosout,/tf";"/root/transbot_ws/src/transbot_bringup/src/base.cpp:velCallback:78"
"ODOM PUBLISH";"2";"/base_node";"1751108140.880817358";"/odom_raw,/rosout,/tf";"/root/transbot_ws/src/transbot_bringup/src/base.cpp:velCallback:78"
"ODOM PUBLISH";"2";"/base_node";"1751108140.830201160";"/odom_raw,/rosout,/tf";"/root/transbot_ws/src/transbot_bringup/src/base.cpp:velCallback:78"
"ODOM PUBLISH";"2";"/base_node";"1751108140.779576276";"/odom_raw,/rosout,/tf";"/root/transbot_ws/src/transbot_bringup/src/base.cpp:velCallback:78"
"ODOM PUBLISH";"2";"/base_node";"1751108140.729192242";"/odom_raw,/rosout,/tf";"/root/transbot_ws/src/transbot_bringup/src/base.cpp:velCallback:78"
"ODOM PUBLISH";"2";"/base_node";"1751108140.678518915";"/odom_raw,/rosout,/tf";"/root/transbot_ws/src/transbot_bringup/src/base.cpp:velCallback:78"
"ODOM PUBLISH";"2";"/base_node";"1751108140.627869847";"/odom_raw,/rosout,/tf";"/root/transbot_ws/src/transbot_bringup/src/base.cpp:velCallback:78"
"ODOM PUBLISH";"2";"/base_node";"1751108140.577220001";"/odom_raw,/rosout,/tf";"/root/transbot_ws/src/transbot_bringup/src/base.cpp:velCallback:78"
"ODOM PUBLISH";"2";"/base_node";"1751108140.526695264";"/odom_raw,/rosout,/tf";"/root/transbot_ws/src/transbot_bringup/src/base.cpp:velCallback:78"
"ODOM PUBLISH";"2";"/base_node";"1751108140.475575999";"/odom_raw,/rosout,/tf";"/root/transbot_ws/src/transbot_bringup/src/base.cpp:velCallback:78"
"ODOM PUBLISH";"2";"/base_node";"1751108140.425088170";"/odom_raw,/rosout,/tf";"/root/transbot_ws/src/transbot_bringup/src/base.cpp:velCallback:78"
"ODOM PUBLISH";"2";"/base_node";"1751108140.377820960";"/odom_raw,/rosout,/tf";"/root/transbot_ws/src/transbot_bringup/src/base.cpp:velCallback:78"
"ODOM PUBLISH";"2";"/base_node";"1751108140.324831315";"/odom_raw,/rosout,/tf";"/root/transbot_ws/src/transbot_bringup/src/base.cpp:velCallback:78"
"ODOM PUBLISH";"2";"/base_node";"1751108140.273615496";"/odom_raw,/rosout,/tf";"/root/transbot_ws/src/transbot_bringup/src/base.cpp:velCallback:78"
"ODOM PUBLISH";"2";"/base_node";"1751108140.223493309";"/odom_raw,/rosout,/tf";"/root/transbot_ws/src/transbot_bringup/src/base.cpp:velCallback:78"
"ODOM PUBLISH";"2";"/base_node";"1751108140.174333942";"/odom_raw,/rosout,/tf";"/root/transbot_ws/src/transbot_bringup/src/base.cpp:velCallback:78"
"ODOM PUBLISH";"2";"/base_node";"1751108140.121544793";"/odom_raw,/rosout,/tf";"/root/transbot_ws/src/transbot_bringup/src/base.cpp:velCallback:78"
"ODOM PUBLISH";"2";"/base_node";"1751108140.070543490";"/odom_raw,/rosout,/tf";"/root/transbot_ws/src/transbot_bringup/src/base.cpp:velCallback:78"
"ODOM PUBLISH";"2";"/base_node";"1751108140.020388507";"/odom_raw,/rosout,/tf";"/root/transbot_ws/src/transbot_bringup/src/base.cpp:velCallback:78"
"ODOM PUBLISH";"2";"/base_node";"1751108139.969634924";"/odom_raw,/rosout,/tf";"/root/transbot_ws/src/transbot_bringup/src/base.cpp:velCallback:78"
"ODOM PUBLISH";"2";"/base_node";"1751108139.919571776";"/odom_raw,/rosout,/tf";"/root/transbot_ws/src/transbot_bringup/src/base.cpp:velCallback:78"
"ODOM PUBLISH";"2";"/base_node";"1751108139.868917655";"/odom_raw,/rosout,/tf";"/root/transbot_ws/src/transbot_bringup/src/base.cpp:velCallback:78"
"ODOM PUBLISH";"2";"/base_node";"1751108139.818639917";"/odom_raw,/rosout,/tf";"/root/transbot_ws/src/transbot_bringup/src/base.cpp:velCallback:78"
"ODOM PUBLISH";"2";"/base_node";"1751108139.768115887";"/odom_raw,/rosout,/tf";"/root/transbot_ws/src/transbot_bringup/src/base.cpp:velCallback:78"
"ODOM PUBLISH";"2";"/base_node";"1751108139.717791298";"/odom_raw,/rosout,/tf";"/root/transbot_ws/src/transbot_bringup/src/base.cpp:velCallback:78"
"ODOM PUBLISH";"2";"/base_node";"1751108139.666415706";"/odom_raw,/rosout,/tf";"/root/transbot_ws/src/transbot_bringup/src/base.cpp:velCallback:78"
"ODOM PUBLISH";"2";"/base_node";"1751108139.616889754";"/odom_raw,/rosout,/tf";"/root/transbot_ws/src/transbot_bringup/src/base.cpp:velCallback:78"
"ODOM PUBLISH";"2";"/base_node";"1751108139.563199732";"/odom_raw,/rosout,/tf";"/root/transbot_ws/src/transbot_bringup/src/base.cpp:velCallback:78"
"ODOM PUBLISH";"2";"/base_node";"1751108139.512716312";"/odom_raw,/rosout,/tf";"/root/transbot_ws/src/transbot_bringup/src/base.cpp:velCallback:78"
"ODOM PUBLISH";"2";"/base_node";"1751108139.461146278";"/odom_raw,/rosout,/tf";"/root/transbot_ws/src/transbot_bringup/src/base.cpp:velCallback:78"
"ODOM PUBLISH";"2";"/base_node";"1751108139.410950910";"/odom_raw,/rosout,/tf";"/root/transbot_ws/src/transbot_bringup/src/base.cpp:velCallback:78"
"ODOM PUBLISH";"2";"/base_node";"1751108139.360628654";"/odom_raw,/rosout,/tf";"/root/transbot_ws/src/transbot_bringup/src/base.cpp:velCallback:78"
"ODOM PUBLISH";"2";"/base_node";"1751108139.311184090";"/odom_raw,/rosout,/tf";"/root/transbot_ws/src/transbot_bringup/src/base.cpp:velCallback:78"
"ODOM PUBLISH";"2";"/base_node";"1751108139.259562001";"/odom_raw,/rosout,/tf";"/root/transbot_ws/src/transbot_bringup/src/base.cpp:velCallback:78"
"ODOM PUBLISH";"2";"/base_node";"1751108139.209442391";"/odom_raw,/rosout,/tf";"/root/transbot_ws/src/transbot_bringup/src/base.cpp:velCallback:78"
"ODOM PUBLISH";"2";"/base_node";"1751108139.158582106";"/odom_raw,/rosout,/tf";"/root/transbot_ws/src/transbot_bringup/src/base.cpp:velCallback:78"
"ODOM PUBLISH";"2";"/base_node";"1751108139.108449237";"/odom_raw,/rosout,/tf";"/root/transbot_ws/src/transbot_bringup/src/base.cpp:velCallback:78"
"ODOM PUBLISH";"2";"/base_node";"1751108139.057867615";"/odom_raw,/rosout,/tf";"/root/transbot_ws/src/transbot_bringup/src/base.cpp:velCallback:78"
"ODOM PUBLISH";"2";"/base_node";"1751108139.008463883";"/odom_raw,/rosout,/tf";"/root/transbot_ws/src/transbot_bringup/src/base.cpp:velCallback:78"
"ODOM PUBLISH";"2";"/base_node";"1751108138.956541912";"/odom_raw,/rosout,/tf";"/root/transbot_ws/src/transbot_bringup/src/base.cpp:velCallback:78"
"ODOM PUBLISH";"2";"/base_node";"1751108138.906239437";"/odom_raw,/rosout,/tf";"/root/transbot_ws/src/transbot_bringup/src/base.cpp:velCallback:78"
"ODOM PUBLISH";"2";"/base_node";"1751108138.855832222";"/odom_raw,/rosout,/tf";"/root/transbot_ws/src/transbot_bringup/src/base.cpp:velCallback:78"
"ODOM PUBLISH";"2";"/base_node";"1751108138.806039091";"/odom_raw,/rosout,/tf";"/root/transbot_ws/src/transbot_bringup/src/base.cpp:velCallback:78"
"ODOM PUBLISH";"2";"/base_node";"1751108138.755096125";"/odom_raw,/rosout,/tf";"/root/transbot_ws/src/transbot_bringup/src/base.cpp:velCallback:78"
"ODOM PUBLISH";"2";"/base_node";"1751108138.704570708";"/odom_raw,/rosout,/tf";"/root/transbot_ws/src/transbot_bringup/src/base.cpp:velCallback:78"
"ODOM PUBLISH";"2";"/base_node";"1751108138.654270881";"/odom_raw,/rosout,/tf";"/root/transbot_ws/src/transbot_bringup/src/base.cpp:velCallback:78"
"ODOM PUBLISH";"2";"/base_node";"1751108138.604128347";"/odom_raw,/rosout,/tf";"/root/transbot_ws/src/transbot_bringup/src/base.cpp:velCallback:78"
"ODOM PUBLISH";"2";"/base_node";"1751108138.553572672";"/odom_raw,/rosout,/tf";"/root/transbot_ws/src/transbot_bringup/src/base.cpp:velCallback:78"
"ODOM PUBLISH";"2";"/base_node";"1751108138.503411287";"/odom_raw,/rosout,/tf";"/root/transbot_ws/src/transbot_bringup/src/base.cpp:velCallback:78"
"ODOM PUBLISH";"2";"/base_node";"1751108138.453104737";"/odom_raw,/rosout,/tf";"/root/transbot_ws/src/transbot_bringup/src/base.cpp:velCallback:78"
"ODOM PUBLISH";"2";"/base_node";"1751108138.402936723";"/odom_raw,/rosout,/tf";"/root/transbot_ws/src/transbot_bringup/src/base.cpp:velCallback:78"
"ODOM PUBLISH";"2";"/base_node";"1751108138.352458324";"/odom_raw,/rosout,/tf";"/root/transbot_ws/src/transbot_bringup/src/base.cpp:velCallback:78"
"ODOM PUBLISH";"2";"/base_node";"1751108138.302256291";"/odom_raw,/rosout,/tf";"/root/transbot_ws/src/transbot_bringup/src/base.cpp:velCallback:78"
"ODOM PUBLISH";"2";"/base_node";"1751108138.251942501";"/odom_raw,/rosout,/tf";"/root/transbot_ws/src/transbot_bringup/src/base.cpp:velCallback:78"
"ODOM PUBLISH";"2";"/base_node";"1751108138.201663525";"/odom_raw,/rosout,/tf";"/root/transbot_ws/src/transbot_bringup/src/base.cpp:velCallback:78"
"ODOM PUBLISH";"2";"/base_node";"1751108138.151404697";"/odom_raw,/rosout,/tf";"/root/transbot_ws/src/transbot_bringup/src/base.cpp:velCallback:78"
"ODOM PUBLISH";"2";"/base_node";"1751108138.101090870";"/odom_raw,/rosout,/tf";"/root/transbot_ws/src/transbot_bringup/src/base.cpp:velCallback:78"
"ODOM PUBLISH";"2";"/base_node";"1751108138.051493032";"/odom_raw,/rosout,/tf";"/root/transbot_ws/src/transbot_bringup/src/base.cpp:velCallback:78"
"ODOM PUBLISH";"2";"/base_node";"1751108137.999613746";"/odom_raw,/rosout,/tf";"/root/transbot_ws/src/transbot_bringup/src/base.cpp:velCallback:78"
"ODOM PUBLISH";"2";"/base_node";"1751108137.949026370";"/odom_raw,/rosout,/tf";"/root/transbot_ws/src/transbot_bringup/src/base.cpp:velCallback:78"
"ODOM PUBLISH";"2";"/base_node";"1751108137.898144331";"/odom_raw,/rosout,/tf";"/root/transbot_ws/src/transbot_bringup/src/base.cpp:velCallback:78"
"ODOM PUBLISH";"2";"/base_node";"1751108137.846800984";"/odom_raw,/rosout,/tf";"/root/transbot_ws/src/transbot_bringup/src/base.cpp:velCallback:78"
"ODOM PUBLISH";"2";"/base_node";"1751108137.796336421";"/odom_raw,/rosout,/tf";"/root/transbot_ws/src/transbot_bringup/src/base.cpp:velCallback:78"
"ODOM PUBLISH";"2";"/base_node";"1751108137.745792655";"/odom_raw,/rosout,/tf";"/root/transbot_ws/src/transbot_bringup/src/base.cpp:velCallback:78"
"ODOM PUBLISH";"2";"/base_node";"1751108137.695314592";"/odom_raw,/rosout,/tf";"/root/transbot_ws/src/transbot_bringup/src/base.cpp:velCallback:78"
"ODOM PUBLISH";"2";"/base_node";"1751108137.644920380";"/odom_raw,/rosout,/tf";"/root/transbot_ws/src/transbot_bringup/src/base.cpp:velCallback:78"
"ODOM PUBLISH";"2";"/base_node";"1751108137.594811459";"/odom_raw,/rosout,/tf";"/root/transbot_ws/src/transbot_bringup/src/base.cpp:velCallback:78"
"ODOM PUBLISH";"2";"/base_node";"1751108137.544211861";"/odom_raw,/rosout,/tf";"/root/transbot_ws/src/transbot_bringup/src/base.cpp:velCallback:78"
"ODOM PUBLISH";"2";"/base_node";"1751108137.493711928";"/odom_raw,/rosout,/tf";"/root/transbot_ws/src/transbot_bringup/src/base.cpp:velCallback:78"
"ODOM PUBLISH";"2";"/base_node";"1751108137.443336030";"/odom_raw,/rosout,/tf";"/root/transbot_ws/src/transbot_bringup/src/base.cpp:velCallback:78"
"ODOM PUBLISH";"2";"/base_node";"1751108137.393009428";"/odom_raw,/rosout,/tf";"/root/transbot_ws/src/transbot_bringup/src/base.cpp:velCallback:78"
"ODOM PUBLISH";"2";"/base_node";"1751108137.342334571";"/odom_raw,/rosout,/tf";"/root/transbot_ws/src/transbot_bringup/src/base.cpp:velCallback:78"
"ODOM PUBLISH";"2";"/base_node";"1751108137.292158226";"/odom_raw,/rosout,/tf";"/root/transbot_ws/src/transbot_bringup/src/base.cpp:velCallback:78"
"ODOM PUBLISH";"2";"/base_node";"1751108137.241723977";"/odom_raw,/rosout,/tf";"/root/transbot_ws/src/transbot_bringup/src/base.cpp:velCallback:78"
"ODOM PUBLISH";"2";"/base_node";"1751108137.191590649";"/odom_raw,/rosout,/tf";"/root/transbot_ws/src/transbot_bringup/src/base.cpp:velCallback:78"
"ODOM PUBLISH";"2";"/base_node";"1751108137.141024125";"/odom_raw,/rosout,/tf";"/root/transbot_ws/src/transbot_bringup/src/base.cpp:velCallback:78"
"ODOM PUBLISH";"2";"/base_node";"1751108137.090676152";"/odom_raw,/rosout,/tf";"/root/transbot_ws/src/transbot_bringup/src/base.cpp:velCallback:78"
"ODOM PUBLISH";"2";"/base_node";"1751108137.040216848";"/odom_raw,/rosout,/tf";"/root/transbot_ws/src/transbot_bringup/src/base.cpp:velCallback:78"
"ODOM PUBLISH";"2";"/base_node";"1751108136.990058096";"/odom_raw,/rosout,/tf";"/root/transbot_ws/src/transbot_bringup/src/base.cpp:velCallback:78"
"ODOM PUBLISH";"2";"/base_node";"1751108136.939210781";"/odom_raw,/rosout,/tf";"/root/transbot_ws/src/transbot_bringup/src/base.cpp:velCallback:78"
"ODOM PUBLISH";"2";"/base_node";"1751108136.889073790";"/odom_raw,/rosout,/tf";"/root/transbot_ws/src/transbot_bringup/src/base.cpp:velCallback:78"
"ODOM PUBLISH";"2";"/base_node";"1751108136.837882999";"/odom_raw,/rosout,/tf";"/root/transbot_ws/src/transbot_bringup/src/base.cpp:velCallback:78"
"ODOM PUBLISH";"2";"/base_node";"1751108136.788069540";"/odom_raw,/rosout,/tf";"/root/transbot_ws/src/transbot_bringup/src/base.cpp:velCallback:78"
"ODOM PUBLISH";"2";"/base_node";"1751108136.737022228";"/odom_raw,/rosout,/tf";"/root/transbot_ws/src/transbot_bringup/src/base.cpp:velCallback:78"
"ODOM PUBLISH";"2";"/base_node";"1751108136.686146655";"/odom_raw,/rosout,/tf";"/root/transbot_ws/src/transbot_bringup/src/base.cpp:velCallback:78"
"ODOM PUBLISH";"2";"/base_node";"1751108136.635502967";"/odom_raw,/rosout,/tf";"/root/transbot_ws/src/transbot_bringup/src/base.cpp:velCallback:78"
"ODOM PUBLISH";"2";"/base_node";"1751108136.585406808";"/odom_raw,/rosout,/tf";"/root/transbot_ws/src/transbot_bringup/src/base.cpp:velCallback:78"
"ODOM PUBLISH";"2";"/base_node";"1751108136.534820082";"/odom_raw,/rosout,/tf";"/root/transbot_ws/src/transbot_bringup/src/base.cpp:velCallback:78"
"ODOM PUBLISH";"2";"/base_node";"1751108136.486065645";"/odom_raw,/rosout,/tf";"/root/transbot_ws/src/transbot_bringup/src/base.cpp:velCallback:78"
"ODOM PUBLISH";"2";"/base_node";"1751108136.434270307";"/odom_raw,/rosout,/tf";"/root/transbot_ws/src/transbot_bringup/src/base.cpp:velCallback:78"
"ODOM PUBLISH";"2";"/base_node";"1751108136.384071131";"/odom_raw,/rosout,/tf";"/root/transbot_ws/src/transbot_bringup/src/base.cpp:velCallback:78"
"ODOM PUBLISH";"2";"/base_node";"1751108136.333730272";"/odom_raw,/rosout,/tf";"/root/transbot_ws/src/transbot_bringup/src/base.cpp:velCallback:78"
"ODOM PUBLISH";"2";"/base_node";"1751108136.283172268";"/odom_raw,/rosout,/tf";"/root/transbot_ws/src/transbot_bringup/src/base.cpp:velCallback:78"
"ODOM PUBLISH";"2";"/base_node";"1751108136.232783521";"/odom_raw,/rosout,/tf";"/root/transbot_ws/src/transbot_bringup/src/base.cpp:velCallback:78"
"ODOM PUBLISH";"2";"/base_node";"1751108136.182767398";"/odom_raw,/rosout,/tf";"/root/transbot_ws/src/transbot_bringup/src/base.cpp:velCallback:78"
"ODOM PUBLISH";"2";"/base_node";"1751108136.131579978";"/odom_raw,/rosout,/tf";"/root/transbot_ws/src/transbot_bringup/src/base.cpp:velCallback:78"
"ODOM PUBLISH";"2";"/base_node";"1751108136.081350839";"/odom_raw,/rosout,/tf";"/root/transbot_ws/src/transbot_bringup/src/base.cpp:velCallback:78"
"ODOM PUBLISH";"2";"/base_node";"1751108136.031030795";"/odom_raw,/rosout,/tf";"/root/transbot_ws/src/transbot_bringup/src/base.cpp:velCallback:78"
